id,climate,energy,environment,resources,sustainability,dedicated
202100572,0,0,0,0,0,0
202100573,0,0,0,0,0,0
202101690,0,0,0,0,0,0
202101691,0,0,0,0,0,0
202101692,0,0,0,0,0,0
202101693,0,0,0,0,0,0
202101694,0,0,0,0,0,0
202101695,0,0,0,0,0,0
202101696,0,0,0,0,0,0
202101697,0,0,0,0,0,0
202101698,0,0,0,0,0,0
202101699,0,0,0,0,0,0
202101700,0,0,0,0,0,0
202101701,0,0,0,0,0,0
202101702,0,0,0,0,0,0
202101704,0,0,0,0,0,0
202101705,0,0,0,0,0,0
202101706,0,0,0,0,0,0
202101707,0,0,0,0,0,0
202101710,0,0,0,0,0,0
202101709,0,0,0,0,0,0
202101708,0,0,0,0,0,0
202101713,0,0,0,0,0,0
202101716,0,0,0,0,0,0
202101715,0,0,0,0,0,0
202101718,0,0,0,0,0,0
202101714,0,0,0,0,0,0
202101720,0,0,0,0,0,0
202101717,0,0,0,0,0,0
202101712,0,0,0,0,0,0
202101722,0,0,0,0,0,0
202101721,0,0,0,0,0,0
202101735,0,0,0,0,0,0
202101719,0,0,0,0,0,0
202101723,0,0,0,0,0,0
202101737,1,0,0,0,0,0
202101736,0,0,0,0,0,0
202101739,0,0,0,0,0,0
202101740,0,0,1,0,1,0
202101734,0,0,0,0,0,0
202101711,0,0,0,0,0,0
202101743,0,0,0,0,0,0
202101744,0,0,0,0,0,0
202101748,0,0,0,0,0,0
202101749,0,0,0,0,0,0
202101751,0,0,0,0,0,0
202101746,0,0,0,0,0,0
202101750,1,0,0,0,0,0
202101752,0,0,0,0,0,0
202101754,0,0,0,0,0,0
202101747,0,0,0,0,0,0
202101756,0,0,0,0,0,0
202101745,0,0,0,0,0,0
202101757,0,0,0,0,0,0
202101755,0,0,0,0,0,0
202101753,0,0,0,0,0,0
202101758,0,0,0,0,0,0
202101760,0,0,0,0,0,0
202101759,0,0,0,0,0,0
202101738,0,0,0,0,0,0
202101761,0,0,0,0,0,0
202101764,0,0,0,0,0,0
202101766,0,0,0,0,0,0
202101768,0,0,0,0,0,0
202101769,0,0,0,0,0,0
202101771,0,0,0,0,0,0
202101767,0,0,0,0,0,0
202101765,0,0,0,0,0,0
202101762,0,0,0,0,0,0
202101763,0,0,0,0,0,0
202101770,0,0,0,0,0,0
202101772,0,0,0,0,0,0
202101774,0,0,0,0,0,0
202101786,0,0,0,0,0,0
202101785,0,0,0,0,0,0
202101773,0,0,0,0,0,0
202101789,0,0,0,0,0,0
202101791,0,0,0,0,0,0
202101788,0,0,0,0,0,0
202101795,0,0,0,0,0,0
202101796,0,0,0,0,0,0
202101787,0,0,0,0,0,0
202101799,0,0,0,0,0,0
202101793,0,0,0,0,0,0
202101801,0,0,0,0,0,0
202101803,0,0,0,0,0,0
202101798,0,0,0,0,0,0
202101797,0,0,0,0,0,0
202101794,0,0,0,0,0,0
202101807,0,0,0,0,0,0
202101806,0,0,1,0,0,0
202101804,0,0,0,0,0,0
202101812,0,0,0,0,0,0
202101802,0,0,0,0,0,0
202101805,0,0,0,0,0,0
202101808,1,0,0,0,0,0
202101809,0,0,0,0,0,0
202101819,0,0,0,0,0,0
202101820,0,0,0,0,0,0
202101810,0,0,0,0,0,0
202101818,0,0,0,0,0,0
202101831,0,0,0,0,0,0
202101826,0,0,0,0,0,0
202101835,0,0,0,0,0,0
202101837,0,0,0,0,0,0
202101839,0,0,0,0,0,0
202101813,0,0,0,0,0,0
202101842,0,0,0,0,0,0
202101829,0,0,0,0,0,0
202101822,0,0,0,0,0,0
202101845,0,0,0,0,0,0
202101841,0,0,0,0,0,0
202101825,0,0,0,0,0,0
202101849,0,0,0,0,0,0
202101852,0,0,0,0,0,0
202101854,0,0,0,0,0,0
202101855,0,0,0,0,0,0
202101833,0,0,0,0,0,0
202101857,0,0,0,0,0,0
202101856,0,0,0,0,0,0
202101859,0,0,0,0,0,0
202101853,0,0,0,0,0,0
202101858,0,0,0,0,0,0
202101848,0,0,0,0,0,0
202101862,0,0,0,0,0,0
202101863,0,0,0,0,0,0
202101861,0,0,0,0,0,0
202101864,0,0,0,0,0,0
202101860,0,0,0,0,0,0
202101870,0,0,0,0,0,0
202101871,0,0,0,0,0,0
202101866,0,0,0,0,0,0
202101875,0,0,0,0,0,0
202101865,0,0,0,0,0,0
202101889,0,0,0,0,0,0
202101893,0,0,0,0,0,0
202101888,0,0,0,0,0,0
202101872,0,0,0,0,0,0
202101869,0,0,0,0,0,0
202101900,0,0,0,0,0,0
202101874,0,0,0,0,0,0
202101901,0,0,0,0,0,0
202101891,0,0,0,0,0,0
202101905,0,0,0,0,0,0
202101906,0,0,0,0,1,0
202101897,0,0,0,0,0,0
202101895,0,0,0,0,0,0
202101913,0,0,0,0,0,0
202101914,0,0,0,0,0,0
202101932,0,0,0,0,0,0
202101898,0,0,0,0,0,0
202101936,0,0,0,0,0,0
202101903,0,0,0,0,0,0
202101937,0,0,0,0,0,0
202101935,0,0,0,0,0,0
202101908,0,0,0,0,0,0
202101934,0,0,0,0,0,0
202101941,0,0,0,0,0,0
202101933,0,0,0,0,0,0
202101945,0,0,0,0,0,0
202101942,0,0,0,0,0,0
202101944,0,0,0,0,0,0
202101947,0,0,0,0,0,0
202101950,0,0,0,0,0,0
202101939,0,0,0,0,0,0
202101948,0,1,0,0,0,0
202101951,0,0,0,0,0,0
202101940,0,0,0,0,0,0
202101943,0,0,0,0,0,0
202101952,0,0,0,0,0,0
202101954,0,0,0,0,0,0
202101953,0,0,0,0,0,0
202101958,0,0,0,0,0,0
202101956,0,0,0,0,0,0
202101963,0,0,0,0,0,0
202101957,0,0,0,0,0,0
202101961,0,0,0,0,0,0
202101966,0,0,0,0,0,0
202101960,0,0,0,0,0,0
202101970,0,0,0,0,0,0
202101959,0,0,0,0,0,0
202101975,0,0,0,0,0,0
202101967,0,0,0,0,0,0
202101964,0,0,0,0,0,0
202101965,0,0,0,0,0,0
202101978,0,0,0,0,0,0
202101971,0,0,0,0,0,0
202101981,0,0,0,0,0,0
202101980,0,0,0,0,0,0
202101985,0,0,0,0,0,0
202101982,0,0,0,0,0,0
202101962,0,0,0,0,0,0
202101986,0,0,0,0,0,0
202101977,0,0,0,0,0,0
202101983,0,0,0,0,0,0
202101979,0,0,0,0,0,0
202101976,0,0,0,0,0,0
202101990,0,0,0,0,0,0
202101988,0,0,0,0,0,0
202101987,0,0,0,0,0,0
202101993,0,0,0,0,0,0
202101997,0,0,0,0,0,0
202101999,0,0,0,0,0,0
202101992,0,0,0,0,0,0
202101995,0,0,0,0,0,0
202102001,0,0,0,0,0,0
202101989,0,0,0,0,0,0
202102003,0,0,0,0,0,0
202102002,0,0,0,0,0,0
202101994,0,0,0,0,0,0
202102006,0,0,0,0,0,0
202101991,0,0,0,0,0,0
202102007,0,0,0,0,0,0
202102011,0,0,0,0,0,0
202102000,0,0,0,0,0,0
202102012,0,0,0,0,0,0
202102009,0,0,0,0,0,0
202102010,0,0,0,0,0,0
202102018,0,0,0,0,0,0
202102013,0,0,0,0,0,0
202102016,0,0,0,0,0,0
202102019,0,0,0,0,0,0
202102017,0,0,1,0,1,0
202102022,0,0,0,0,0,0
202102024,0,0,0,0,0,0
202102020,0,0,0,0,0,0
202102025,1,0,0,0,0,0
202102026,0,0,0,0,0,0
202102021,0,0,0,0,0,0
202102014,0,0,0,0,0,0
202102005,0,1,0,0,0,0
202102039,0,0,0,0,0,0
202102038,0,0,0,0,0,0
202102028,0,0,0,0,0,0
202102030,0,0,0,0,0,0
202102040,0,0,0,0,0,0
202102042,0,0,0,0,0,0
202102027,0,0,0,0,0,0
202102029,0,0,0,0,0,0
202102041,0,0,0,0,0,0
202102045,0,0,0,0,0,0
202102044,0,0,0,0,0,0
202102047,0,0,0,0,0,0
202102048,0,0,0,0,0,0
202102050,0,0,0,0,0,0
202102053,0,0,0,0,0,0
202102046,0,0,0,0,0,0
202102051,0,0,0,0,0,0
202102056,0,0,0,0,0,0
202102058,0,0,0,0,0,0
202102052,0,0,0,0,0,0
202102059,0,0,0,0,0,0
202102043,0,0,0,0,0,0
202102061,0,0,0,0,0,0
202102062,0,0,0,0,0,0
202102049,0,0,0,0,0,0
202102054,0,0,0,0,0,0
202102060,0,0,0,0,0,0
202102067,0,0,0,0,0,0
202102065,0,0,0,0,0,0
202102068,0,0,0,0,0,0
202102063,0,0,0,0,0,0
202102064,0,0,0,0,0,0
202102070,0,0,0,0,0,0
202102069,0,0,0,0,0,0
202102073,0,0,0,0,0,0
202102072,0,0,0,0,0,0
202102057,0,0,0,0,0,0
202102071,0,0,0,0,0,0
202102090,0,0,0,0,0,0
202102091,0,0,0,0,0,0
202102092,0,0,0,0,0,0
202102066,0,0,0,0,0,0
202102093,0,0,0,0,0,0
202102094,0,0,0,0,0,0
202102089,0,0,0,0,0,0
202102098,0,0,0,0,0,0
202102096,0,0,0,0,0,0
202102088,0,0,0,0,0,0
202102087,0,0,0,0,0,0
202102102,0,0,0,0,0,0
202102095,0,0,0,0,0,0
202102099,0,0,0,0,0,0
202102107,0,0,0,0,0,0
202102108,0,0,0,0,0,0
202102109,0,0,0,0,0,0
202102111,0,0,0,0,0,0
202102112,0,0,0,0,0,0
202102113,0,0,0,0,0,0
202102114,0,0,0,0,0,0
202102116,0,0,0,0,0,0
202102104,0,0,0,0,0,0
202102115,0,0,0,0,0,0
202102110,0,0,0,0,0,0
202102119,0,0,0,0,0,0
202102118,0,0,0,0,0,0
202102120,0,0,0,0,0,0
202102121,1,0,1,0,1,1
202102123,1,0,1,1,1,1
202102124,0,0,0,0,0,0
202102100,0,0,0,0,0,0
202102126,0,0,0,0,0,0
202102129,0,0,0,0,0,0
202102125,0,0,0,0,0,0
202102138,0,0,0,0,0,0
202102122,0,0,0,0,0,0
202102106,0,0,0,0,0,0
202102137,0,0,0,0,0,0
202102141,0,0,0,0,0,0
202102139,0,0,0,0,0,0
202102117,0,0,0,0,0,0
202102135,0,0,0,0,0,0
202102134,0,0,0,0,0,0
202102143,0,0,0,0,0,0
202102142,0,0,0,0,0,0
202102146,0,0,0,0,0,0
202102144,0,0,0,0,0,0
202102140,0,0,0,0,0,0
202102151,0,0,0,0,0,0
202102149,0,0,0,0,0,0
202102153,0,0,0,0,0,0
202102154,0,0,0,0,0,0
202102145,0,0,0,0,0,0
202102152,0,0,0,0,0,0
202102147,0,0,0,0,0,0
202102158,0,0,0,0,0,0
202102148,0,0,0,0,0,0
202102155,0,0,0,0,0,0
202102150,0,0,0,0,0,0
202102162,0,0,0,0,0,0
202102163,0,0,0,0,0,0
202102164,0,0,0,0,0,0
202102156,0,0,0,0,0,0
202102157,0,0,0,0,0,0
202102168,0,0,0,0,0,0
202102169,0,0,0,0,0,0
202102165,0,0,0,0,0,0
202102171,0,0,0,0,0,0
202102172,0,0,0,0,0,0
202102159,0,0,0,0,0,0
202102175,0,0,0,0,0,0
202102176,0,0,0,0,0,0
202102174,0,0,0,0,0,0
202102160,0,0,0,0,0,0
202102173,0,0,0,0,0,0
202102181,0,0,0,0,0,0
202102182,1,1,1,0,1,1
202102184,0,0,0,0,0,0
202102183,0,0,0,0,0,0
202102185,0,0,0,0,0,0
202102166,0,0,0,0,0,0
202102180,0,0,0,0,0,0
202102178,0,0,0,0,0,0
202102186,0,0,0,0,0,0
202102188,0,0,0,0,0,0
202102190,0,0,0,0,0,0
202102192,0,0,0,0,0,0
202102187,0,0,0,0,0,0
202102170,0,0,0,0,0,0
202102189,0,0,0,0,0,0
202102196,0,0,0,0,0,0
202102195,0,0,0,0,0,0
202102193,0,0,0,0,0,0
202102201,0,0,0,0,0,0
202102200,0,0,0,0,0,0
202102191,0,0,0,0,0,0
202102199,0,0,0,0,0,0
202102203,0,0,0,0,0,0
202102204,0,0,0,0,0,0
202102205,0,0,0,0,0,0
202102198,0,0,0,0,0,0
202102207,0,0,0,0,0,0
202102214,0,0,0,0,0,0
202102208,0,0,0,0,0,0
202102206,0,0,0,0,0,0
202102219,0,0,0,0,0,0
202102221,0,0,0,0,0,0
202102218,0,0,0,0,0,0
202102194,0,0,0,0,0,0
202102223,0,0,0,0,0,0
202102209,0,0,0,0,0,0
202102222,0,0,0,0,0,0
202102215,0,0,0,0,0,0
202102228,0,0,0,0,0,0
202102202,0,0,0,0,0,0
202102227,0,0,0,0,0,0
202102226,0,0,0,0,0,0
202102230,0,0,0,0,0,0
202102225,0,0,0,0,0,0
202102231,0,0,0,0,0,0
202102232,0,0,0,0,0,0
202102224,0,0,0,0,0,0
202102235,0,0,0,0,0,0
202102229,0,0,0,0,0,0
202102233,0,0,0,0,0,0
202102236,0,0,0,0,0,0
202102234,0,0,0,0,0,0
202102243,0,0,0,0,0,0
202102241,0,0,0,0,0,0
202102249,0,0,0,0,0,0
202102244,0,0,0,0,0,0
202102251,0,0,0,0,0,0
202102252,0,0,0,0,0,0
202102238,0,0,0,0,0,0
202102240,0,0,0,0,0,0
202102253,0,0,0,0,0,0
202102257,0,0,0,0,0,0
202102258,0,0,0,0,0,0
202102250,0,0,0,0,0,0
202102260,0,0,0,0,0,0
202102256,0,0,0,0,0,0
202102237,0,0,0,0,0,0
202102259,0,0,0,0,0,0
202102239,0,0,0,0,0,0
202102263,0,0,0,0,0,0
202102265,0,0,0,0,0,0
202102262,0,0,0,0,0,0
202102266,0,0,0,0,0,0
202102255,0,0,0,0,0,0
202102267,0,0,0,0,0,0
202102268,0,0,0,0,0,0
202102271,0,0,0,0,0,0
202102270,0,0,0,0,0,0
202102274,0,0,0,0,0,0
202102261,0,0,0,0,0,0
202102272,0,0,0,0,0,0
202102275,0,0,0,0,0,0
202102276,0,0,0,0,0,0
202102278,0,0,0,0,0,0
202102280,0,0,0,0,0,0
202102285,0,0,0,0,0,0
202102264,0,0,0,0,0,0
202102286,0,0,0,0,0,0
202102269,0,0,0,0,0,0
202102277,0,0,0,0,0,0
202102279,0,0,0,0,0,0
202102288,0,0,0,0,0,0
202102287,0,0,0,0,0,0
202102289,0,0,0,0,0,0
202102294,0,0,0,0,0,0
202102292,0,0,0,0,0,0
202102291,0,0,0,0,0,0
202102290,0,0,0,0,0,0
202102281,0,0,0,0,0,0
202102295,0,0,0,0,0,0
202102297,0,0,0,0,0,0
202102301,0,0,0,0,0,0
202102298,0,0,0,0,0,0
202102299,0,0,0,0,0,0
202102303,0,0,0,0,0,0
202102308,0,0,0,0,0,0
202102296,0,0,0,0,0,0
202102310,0,0,0,0,0,0
202102311,0,0,0,0,0,0
202102300,0,0,0,0,0,0
202102314,0,0,0,0,0,0
202102309,0,0,0,0,0,0
202102306,0,0,0,0,0,0
202102316,0,0,0,0,0,0
202102307,0,0,0,0,0,0
202102318,0,0,0,0,0,0
202102321,0,0,0,0,0,0
202102322,0,0,0,0,0,0
202102313,0,0,0,0,0,0
202102317,0,0,0,0,0,0
202102323,0,0,0,0,0,0
202102324,0,0,0,0,0,0
202102319,0,0,0,0,0,0
202102326,0,0,0,0,0,0
202102315,0,0,0,0,0,0
202102331,0,0,1,0,1,0
202102312,0,0,0,0,0,0
202102332,1,0,0,0,0,1
202102327,0,0,0,0,0,0
202102333,0,0,0,0,0,0
202102337,0,0,0,0,0,0
202102325,0,0,0,0,0,0
202102328,0,0,0,0,0,0
202102336,0,0,0,0,0,0
202102339,0,0,0,0,0,0
202102338,0,0,0,0,0,0
202102342,0,0,0,0,0,0
202102330,0,0,0,0,0,0
202102341,0,0,0,0,0,0
202102344,0,0,0,0,0,0
202102345,0,0,0,0,0,0
202102348,0,0,0,0,0,0
202102340,0,0,0,0,0,0
202102329,0,0,0,0,1,0
202102350,0,0,0,0,0,0
202102349,0,0,0,0,0,0
202102352,0,0,0,0,0,0
202102353,0,0,0,0,0,0
202102355,0,0,0,0,0,0
202102356,0,0,0,0,0,0
202102358,0,0,0,0,0,0
202102357,0,0,0,0,0,0
202102351,0,0,0,0,0,0
202102347,0,0,0,0,0,0
202102354,0,0,0,0,0,0
202102360,0,0,0,0,0,0
202102361,0,0,0,0,0,0
202102372,0,0,0,0,0,0
202102375,0,0,0,0,0,0
202102377,0,0,0,0,0,0
202102376,0,0,0,0,0,0
202102373,0,0,0,0,0,0
202102378,0,0,0,0,0,0
202102359,0,0,0,0,0,0
202102382,0,0,0,0,0,0
202102379,0,0,0,0,0,0
202102380,0,0,0,0,0,0
202102346,0,0,0,0,0,0
202102374,0,0,0,0,0,0
202102384,0,0,0,0,0,0
202102385,0,0,0,0,0,0
202102388,0,0,0,0,0,0
202102387,0,0,0,0,0,0
202102392,0,0,0,0,0,0
202102381,0,0,0,0,0,0
202102393,0,0,0,0,0,0
202102389,0,0,0,0,0,0
202102390,0,0,0,0,0,0
202102395,0,0,0,0,0,0
202102394,0,0,0,0,0,0
202102396,0,0,0,0,0,0
202102397,0,0,0,0,0,0
202102402,0,0,0,0,0,0
202102400,0,0,0,0,0,0
202102403,0,0,0,0,0,0
202102399,0,0,0,0,0,0
202102404,0,0,0,0,0,0
202102383,0,0,0,0,0,0
202102417,0,0,0,0,0,0
202102419,0,0,0,0,0,0
202102415,0,0,0,0,0,0
202102421,0,0,0,0,0,0
202102416,0,0,0,0,0,0
202102398,0,0,0,0,0,0
202102424,0,0,0,0,0,0
202102425,0,0,0,0,0,0
202102431,0,0,0,0,0,0
202102432,0,0,0,0,0,0
202102427,0,0,0,0,0,0
202102401,0,0,0,0,0,0
202102436,0,0,0,0,0,0
202102434,0,0,0,0,0,0
202102435,0,0,0,0,0,0
202102437,0,0,0,0,0,0
202102429,0,0,0,0,0,0
202102438,0,0,0,0,0,0
202102433,0,0,0,0,0,0
202102440,0,0,0,0,0,0
202102444,0,0,0,0,0,0
202102442,0,0,0,0,0,0
202102445,0,0,0,0,0,0
202102447,0,0,0,0,0,0
202102443,0,0,0,0,0,0
202102439,0,0,0,0,0,0
202102448,0,0,0,0,0,0
202102452,0,0,0,0,0,0
202102441,0,0,0,0,0,0
202102455,0,0,0,0,0,0
202102451,0,0,0,0,0,0
202102430,0,0,0,0,0,0
202102459,0,0,0,0,0,0
202102446,0,0,0,0,0,0
202102460,0,0,0,0,0,0
202102458,0,0,0,0,0,0
202102462,0,0,0,0,0,0
202102463,0,0,0,0,0,0
202102457,0,0,0,0,0,0
202102464,0,0,0,0,0,0
202102466,0,0,0,0,0,0
202102467,0,0,0,0,0,0
202102449,0,0,0,0,0,0
202102470,0,0,0,0,0,0
202102469,0,0,0,0,0,0
202102504,0,0,0,0,0,0
202102454,0,0,0,0,0,0
202102461,0,0,0,0,0,0
202102508,0,0,0,0,0,0
202102506,0,0,0,0,0,0
202102509,0,0,0,0,0,0
202102511,0,0,0,0,0,0
202102507,0,0,0,0,0,0
202102468,0,0,0,0,0,0
202102465,0,0,0,0,0,0
202102515,0,0,0,0,0,0
202102503,0,0,0,0,0,0
202102512,0,0,0,0,0,0
202102513,0,0,0,0,0,0
202102518,0,0,0,0,0,0
202102521,1,1,0,0,0,0
202102514,0,0,0,0,0,0
202102522,0,0,0,0,0,0
202102517,0,0,0,0,0,0
202102520,0,0,0,0,0,0
202102524,0,0,0,0,0,0
202102525,0,0,0,0,0,0
202102523,0,0,0,0,0,0
202102516,0,0,0,0,0,0
202102527,0,0,0,0,0,0
202102526,0,0,0,0,0,0
202102530,0,0,0,0,0,0
202102532,0,0,0,0,0,0
202102533,0,0,0,0,0,0
202102536,0,0,0,0,0,0
202102535,0,0,0,0,0,0
202102529,0,0,0,0,0,0
202102531,0,0,0,0,0,0
202102539,0,0,0,0,0,0
202102538,0,0,0,0,0,0
202102540,0,0,0,0,0,0
202102542,0,0,0,0,0,0
202102543,0,0,0,0,0,0
202102537,0,0,0,0,0,0
202102541,0,0,0,0,0,0
202102528,0,0,0,0,0,0
202102534,0,0,0,0,0,0
202102558,0,0,0,0,0,0
202102559,0,0,0,0,0,0
202102557,0,0,0,0,0,0
202102562,0,0,0,0,0,0
202102561,1,0,0,0,0,0
202102564,0,0,0,0,0,0
202102567,0,0,0,0,0,0
202102566,0,0,0,0,0,0
202102545,0,0,0,0,0,0
202102568,0,0,0,0,0,0
202102563,0,0,0,0,0,0
202102570,0,0,0,0,0,0
202102572,0,0,0,0,0,0
202102573,0,0,0,0,0,0
202102544,0,0,0,0,0,0
202102576,0,0,0,0,0,0
202102565,0,0,0,0,0,0
202102577,0,0,0,0,0,0
202102571,0,0,0,0,0,0
202102582,0,0,0,0,0,0
202102578,0,0,0,0,0,0
202102574,0,0,0,0,0,0
202102581,0,0,0,0,0,0
202102569,0,0,0,0,0,0
202102587,0,0,0,0,0,0
202102585,0,0,0,0,0,0
202102583,0,0,0,0,0,0
202102590,0,0,0,0,0,0
202102589,0,0,0,0,0,0
202102593,1,1,1,0,1,0
202102591,0,0,0,0,0,0
202102584,0,0,0,0,0,0
202102594,0,0,0,0,0,0
202102597,0,0,0,0,0,0
202102596,0,0,0,0,0,0
202102592,0,0,0,0,0,0
202102588,0,0,0,0,0,0
202102586,0,0,0,0,0,0
202102601,0,0,0,0,0,0
202102600,0,0,0,0,1,1
202102595,0,0,0,0,0,0
202102602,0,0,0,0,0,0
202102598,0,0,0,0,0,0
202102599,0,0,1,0,0,1
202102604,0,0,0,0,0,0
202102603,0,0,1,0,0,1
202102618,0,0,0,0,0,0
202102616,0,0,0,0,0,0
202102605,0,0,0,0,0,0
202102620,0,0,0,0,0,0
202102622,0,0,0,0,0,0
202102619,0,0,0,0,0,0
202102617,0,0,0,0,0,0
202102621,0,0,0,0,0,0
202102626,0,0,0,0,0,0
202102628,0,0,0,0,0,0
202102624,0,0,0,0,0,0
202102629,0,0,0,0,0,0
202102623,0,0,0,0,1,0
202102633,0,0,0,0,0,0
202102627,0,0,0,0,0,0
202102636,0,0,0,0,1,0
202102630,0,0,0,0,0,0
202102638,0,0,0,0,0,0
202102635,0,0,0,0,0,0
202102632,0,0,0,0,0,0
202102625,0,0,0,0,0,0
202102637,0,0,0,0,0,0
202102642,0,0,0,0,0,0
202102639,0,0,0,0,0,0
202102640,1,0,1,0,1,0
202102645,0,0,0,0,0,0
202102641,0,0,0,0,0,0
202102646,0,0,0,0,0,0
202102647,0,0,0,0,0,0
202102648,0,0,0,0,0,0
202102643,0,1,1,0,0,0
202102631,0,0,0,0,0,0
202102644,0,0,0,0,0,0
202102653,0,0,0,0,0,0
202102649,0,0,0,0,0,0
202102652,1,0,0,0,1,1
202102654,0,0,0,0,0,0
202102657,0,0,1,1,0,1
202102651,0,0,0,0,0,0
202102659,0,0,0,0,0,0
202102656,0,0,1,0,0,0
202102658,0,0,0,0,0,0
202102660,0,0,1,0,1,1
202102662,1,1,1,0,1,0
202102663,0,0,0,0,0,0
202102677,0,0,0,0,0,0
202102650,0,0,0,0,0,0
202102678,0,0,0,0,0,0
202102676,0,0,0,0,0,0
202102664,0,0,0,0,0,0
202102679,0,0,0,0,0,0
202102661,0,1,1,0,1,1
202102682,0,0,0,0,0,0
202102680,0,0,0,0,0,0
202102685,0,0,0,0,0,0
202102683,0,0,0,0,0,0
202102688,0,0,0,0,0,0
202102689,0,0,0,0,0,0
202102691,0,0,0,0,0,0
202102655,0,0,0,0,0,0
202102687,0,0,0,0,0,0
202102693,0,0,0,0,0,0
202102692,0,0,0,0,0,0
202102698,0,0,0,0,0,0
202102699,0,0,0,0,0,0
202102681,0,0,0,0,0,0
202102695,0,0,0,0,0,0
202102694,0,0,0,0,0,0
202102703,0,0,0,0,0,0
202102704,0,0,0,0,0,0
202102707,0,0,0,0,0,0
202102706,0,0,0,0,0,0
202102702,0,0,1,0,1,0
202102709,0,1,0,0,0,1
202102710,0,1,0,1,1,1
202102701,0,0,0,0,0,0
202102713,0,0,0,0,0,0
202102711,0,0,0,0,0,0
202102714,0,0,0,0,0,0
202102690,0,0,0,0,0,0
202102712,1,0,0,0,0,0
202102721,0,0,0,0,0,0
202102720,1,0,1,0,1,0
202102719,0,0,0,0,0,0
202102722,0,0,0,0,0,0
202102728,0,0,0,0,0,0
202102907,0,0,0,0,0,0
202102705,0,0,0,0,0,0
202102727,0,0,0,0,0,0
202102909,0,0,0,0,0,0
202102729,0,0,0,0,0,0
202102910,0,0,0,0,0,0
202102715,0,0,0,0,0,0
202102726,0,0,0,0,0,0
202102914,0,0,1,0,0,0
202102916,0,0,0,0,0,0
202102920,0,0,0,0,0,0
202102908,0,0,0,0,0,0
202102917,0,0,0,0,0,0
202102918,0,0,0,0,0,0
202102923,0,0,0,0,0,0
202102924,0,0,0,0,0,0
202102921,0,0,0,0,0,0
202102925,0,0,0,0,0,0
202102915,0,0,0,0,0,0
202102926,0,0,0,0,0,0
202102928,0,0,0,0,0,0
202102922,0,0,0,0,0,0
202102930,0,0,0,0,0,0
202102932,0,0,0,0,0,0
202102927,0,0,0,0,0,0
202102931,0,0,0,0,0,0
202102936,0,0,0,0,0,0
202102929,0,0,0,0,0,0
202102933,0,0,0,0,0,0
202102938,0,0,0,0,0,0
202102919,0,0,0,0,0,0
202102935,0,0,0,0,0,0
202102942,0,0,0,0,0,0
202102934,0,0,0,0,0,0
202102937,0,0,0,0,0,0
202102944,0,0,0,0,0,0
202102946,0,0,0,0,0,0
202102940,0,0,0,0,0,0
202102943,0,0,0,0,0,0
202102948,0,0,0,0,0,0
202102947,0,0,0,0,0,0
202102951,0,0,0,0,0,0
202102955,0,0,0,0,0,0
202102952,0,0,0,0,0,0
202102941,0,0,0,0,0,0
202102954,0,0,0,0,0,0
202102957,0,0,0,0,0,0
202102953,0,0,0,0,0,0
202102959,0,0,0,0,0,0
202102958,0,0,0,0,0,0
202102945,0,0,0,0,0,0
202102960,0,0,0,0,0,0
202102961,0,0,0,0,0,0
202102969,0,0,0,0,0,0
202102967,0,0,0,0,0,0
202102968,0,0,0,0,0,0
202102973,1,1,0,0,0,1
202102972,0,0,0,0,0,0
202102956,0,0,0,0,0,0
202102976,0,0,0,0,0,0
202102971,0,0,0,0,0,0
202102979,0,0,0,0,0,0
202102975,0,0,0,0,0,0
202102963,0,0,0,0,0,0
202102981,0,0,0,0,0,0
202102983,0,0,0,0,0,0
202102986,0,0,0,0,0,0
202102989,0,0,0,0,0,0
202102978,0,0,0,0,0,0
202102990,1,0,1,0,0,0
202102985,0,0,0,0,0,0
202102993,0,0,0,0,0,0
202102994,0,0,0,0,0,0
202102996,0,0,0,0,0,0
202102992,0,0,0,0,0,0
202102980,0,0,0,0,0,0
202103002,0,0,0,0,0,0
202103001,0,0,0,0,0,0
202102964,0,0,0,0,0,0
202103000,0,0,0,0,0,0
202102997,0,0,0,0,0,0
202103004,0,0,0,0,0,0
202103008,0,0,0,0,0,0
202102999,0,0,0,0,0,0
202103003,0,0,0,0,0,0
202103011,0,0,0,0,0,0
202103013,0,0,0,0,0,0
202103007,0,0,0,0,0,0
202103015,0,0,0,0,0,0
202103014,0,0,0,0,0,0
202103009,0,0,0,0,0,0
202103005,0,0,0,0,0,0
202103018,0,0,0,0,0,0
202103012,0,0,0,0,0,0
202103019,0,0,0,0,0,0
202103020,0,0,0,0,0,0
202103010,0,0,0,0,0,0
202103021,0,0,0,0,0,0
202103017,0,0,0,0,0,0
202103025,0,0,0,0,0,0
202103026,0,0,0,0,0,0
202103024,0,0,0,0,0,0
202103031,0,0,0,0,0,0
202103027,0,0,0,0,0,0
202103032,0,0,0,0,0,0
202103034,0,0,0,0,0,0
202103037,0,0,0,0,0,0
202103016,0,0,0,0,0,0
202103023,0,0,0,0,0,0
202103030,0,0,0,0,0,0
202103039,0,0,0,0,0,0
202103041,0,0,0,0,0,0
202103040,0,0,0,0,0,0
202103028,0,0,0,0,0,0
202103038,0,0,0,0,0,0
202103047,0,0,0,0,0,0
202103022,0,0,0,0,0,0
202103043,0,0,0,0,0,0
202103048,0,0,0,0,0,0
202103049,0,0,0,0,0,0
202103051,0,0,0,0,0,0
202103044,0,0,0,0,0,0
202103042,1,0,0,0,0,0
202103052,0,0,0,0,0,0
202103057,0,0,0,0,0,0
202103058,0,0,0,0,0,0
202103055,0,0,0,0,0,0
202103060,0,0,0,0,0,0
202103061,0,0,0,0,0,0
202103062,0,0,0,0,0,0
202103054,0,0,0,0,0,0
202103063,0,0,0,0,0,0
202103067,0,0,0,0,0,0
202103064,0,0,0,0,0,0
202103056,0,0,0,0,0,0
202103069,0,0,0,0,0,0
202103070,0,0,0,0,0,0
202103071,0,0,0,0,0,0
202103065,0,0,0,0,0,0
202103074,0,0,0,0,0,0
202103073,0,0,0,0,0,0
202103072,0,0,0,0,0,0
202103077,0,1,1,0,0,1
202103050,0,0,0,0,0,0
202103076,1,0,1,0,1,1
202103068,0,0,0,0,0,0
202103078,0,0,0,0,0,0
202103083,0,0,0,0,0,0
202103082,0,0,0,0,0,0
202103080,0,0,0,0,0,0
202103084,0,0,0,0,0,0
202103089,0,0,0,0,0,0
202103075,0,0,0,0,0,0
202103091,0,0,0,0,0,0
202103092,0,0,0,0,0,0
202103086,0,0,0,0,0,0
202103088,0,0,0,0,0,0
202103097,0,0,0,0,0,0
202103096,0,0,0,0,0,0
202103081,0,0,0,0,0,0
202103098,0,0,0,0,0,0
202103093,0,0,0,0,0,0
202103103,0,0,0,0,0,0
202103100,0,0,0,0,0,0
202103099,0,0,0,0,0,0
202103106,0,0,0,0,0,0
202103102,0,0,0,0,0,0
202103108,0,0,0,0,0,0
202103104,0,0,0,0,0,0
202103109,0,0,0,0,0,0
202103110,0,0,0,0,0,0
202103101,0,0,0,0,0,0
202103107,0,0,0,0,0,0
202103115,0,0,0,0,0,0
202103113,0,0,0,0,0,0
202103114,0,0,0,0,0,0
202103105,0,0,0,0,0,0
202103118,0,0,0,0,0,0
202103116,0,0,0,0,0,0
202103111,0,0,0,0,0,0
202103112,0,0,0,0,0,0
202103122,0,0,0,0,0,0
202103125,0,0,0,0,0,0
202103124,0,0,0,0,0,0
202103126,0,0,0,0,0,0
202103128,0,0,0,0,0,0
202103130,0,0,0,0,0,0
202103119,0,0,0,0,0,0
202103129,0,0,0,0,0,0
202103132,0,0,0,0,0,0
202103123,0,0,0,0,0,0
202103133,0,0,0,0,0,0
202103131,0,0,0,0,0,0
202103117,0,0,0,0,0,0
202103127,0,0,0,0,0,0
202103137,0,0,0,0,0,0
202103139,0,0,0,0,0,0
202103138,0,0,0,0,0,0
202103136,0,0,0,0,0,0
202103134,0,0,0,0,0,0
202103141,0,0,0,0,0,0
202103135,0,0,0,0,0,0
202103146,0,0,0,0,0,0
202103142,0,0,0,0,0,0
202103147,0,0,0,0,0,0
202103151,0,0,0,0,0,0
202103143,0,0,0,0,0,0
202103150,0,0,0,0,0,0
202103154,0,0,0,0,0,0
202103148,0,0,0,0,0,0
202103149,0,0,0,0,0,0
202103140,0,0,0,0,0,0
202103155,0,0,0,0,0,0
202103158,0,0,0,0,0,0
202103156,0,0,0,0,0,0
202103152,0,0,0,0,0,0
202103159,0,0,0,0,0,0
202103162,1,0,0,0,0,0
202103153,0,0,0,0,0,0
202103164,0,0,0,0,0,0
202103165,0,0,0,0,0,0
202103163,0,0,0,0,0,0
202103160,0,0,0,0,0,0
202103157,0,0,0,0,0,0
202103167,0,0,0,0,0,0
202103179,0,0,0,0,0,0
202103168,0,0,0,0,0,0
202103180,0,0,0,0,0,0
202103178,0,0,0,0,0,0
202103183,0,0,1,0,0,0
202103177,0,0,0,0,0,0
202103161,0,0,0,0,0,0
202103188,0,0,0,0,0,0
202103193,0,0,0,0,0,0
202103192,0,0,0,0,0,0
202103181,0,0,0,0,0,0
202103197,0,0,0,0,0,0
202103190,0,0,0,0,0,0
202103198,0,0,1,0,1,1
202103199,1,0,1,0,0,0
202103194,0,0,0,0,0,0
202103166,0,0,0,0,0,0
202103196,0,0,0,0,0,0
202103200,0,0,1,0,1,1
202103201,0,0,0,0,1,1
202103204,0,0,0,0,0,0
202103205,0,0,1,0,1,0
202103203,0,0,0,0,0,0
202103206,0,0,0,0,0,0
202103207,0,0,0,0,0,0
202103202,0,0,0,0,0,0
202103189,0,0,0,0,0,0
202103210,0,0,0,0,0,0
202103216,0,0,0,0,0,0
202103209,0,0,0,0,0,0
202103217,0,0,0,0,0,0
202103218,0,0,0,0,0,0
202103222,0,0,0,0,0,0
202103219,0,0,0,0,0,0
202103221,0,0,0,0,0,0
202103224,0,0,0,0,0,0
202103225,0,0,0,0,0,0
202103223,0,0,0,0,0,0
202103220,0,0,0,0,0,0
202103211,0,0,0,0,0,0
202103228,0,0,0,0,0,0
202103229,0,0,0,0,0,0
202103226,0,0,0,0,0,0
202103208,0,0,0,0,0,0
202103234,0,0,0,0,0,0
202103233,0,0,0,0,0,0
202103232,0,0,0,0,0,0
202103237,0,0,0,0,0,0
202103235,0,0,0,0,0,0
202103230,0,0,0,0,0,0
202103240,0,0,0,0,0,0
202103241,0,0,0,0,0,0
202103227,0,0,0,0,0,0
202103231,0,0,0,0,0,0
202103236,0,0,0,0,0,0
202103246,0,0,0,0,0,0
202103242,0,0,0,0,0,0
202103243,0,0,0,0,0,0
202103238,0,0,0,0,0,0
202103249,0,0,0,0,0,0
202103251,0,0,0,0,0,0
202103248,0,0,0,0,0,0
202103256,0,0,0,0,0,0
202103253,0,0,0,0,0,0
202103247,0,0,0,0,0,0
202103257,0,0,0,0,0,0
202103252,0,0,0,0,0,0
202103254,0,0,0,0,0,0
202103265,0,1,0,0,1,1
202103264,0,0,0,0,0,0
202103262,0,0,0,0,0,0
202103266,0,0,0,0,0,0
202103268,0,0,0,0,0,0
202103267,0,0,0,0,0,0
202103263,0,0,0,0,0,0
202103245,0,0,0,0,0,0
202103272,0,0,0,0,0,0
202103271,0,0,0,0,0,0
202103274,1,1,1,0,0,1
202103276,0,0,0,0,0,0
202103281,0,0,0,0,0,0
202103275,0,0,0,0,0,0
202103280,0,0,0,0,0,0
202103284,0,0,0,0,0,0
202103286,0,0,0,0,0,0
202103278,0,0,0,0,1,0
202103288,0,0,0,0,0,0
202103282,0,0,1,0,0,0
202103289,0,0,0,0,0,0
202103293,0,0,0,0,0,0
202103291,0,0,0,0,0,0
202103290,0,0,0,0,0,0
202103292,0,0,0,0,0,0
202103296,0,0,0,0,0,0
202103260,0,0,0,0,0,0
202103297,0,0,0,0,0,0
202103295,0,0,0,0,0,0
202103294,0,0,0,0,0,0
202103301,0,0,0,0,0,0
202103300,0,0,0,0,0,0
202103304,0,0,0,0,0,0
202103299,0,0,0,0,0,0
202103303,0,0,0,0,0,0
202103306,0,0,0,0,0,0
202103298,0,0,0,0,0,0
202103302,0,0,0,0,0,0
202103307,0,0,0,0,0,0
202103305,0,0,0,0,0,0
202103311,0,0,0,0,0,0
202103312,0,0,0,0,0,0
202103313,0,0,0,0,0,0
202103315,0,1,0,0,0,0
202103316,0,0,0,0,0,0
202103314,0,0,0,0,0,0
202103318,0,0,0,0,0,0
202103310,0,0,0,0,0,0
202103322,0,0,0,0,0,0
202103320,0,0,0,0,0,0
202103324,0,0,0,0,0,0
202103325,0,0,0,0,1,1
202103326,0,0,0,0,0,0
202103308,0,0,0,0,0,0
202103283,0,0,0,0,0,0
202103329,0,0,0,0,0,0
202103330,0,0,0,0,0,0
202103309,0,0,0,0,0,0
202103333,0,0,1,0,0,0
202103332,0,0,0,0,0,0
202103336,0,0,0,0,0,0
202103335,0,0,0,0,0,0
202103340,0,0,0,0,0,0
202103328,0,0,0,0,0,0
202103342,0,0,0,0,0,0
202103343,0,0,0,0,0,0
202103344,0,0,0,0,0,0
202103347,0,0,0,0,0,0
202103346,0,0,0,0,0,0
202103349,0,0,0,0,0,0
202103348,0,0,0,0,0,0
202103350,0,0,0,0,0,0
202103341,0,0,0,0,0,0
202103337,0,0,0,0,0,0
202103334,0,0,0,0,0,0
202103352,0,0,0,0,0,0
202103345,0,0,0,0,0,0
202103355,0,0,0,0,0,0
202103351,0,0,0,0,0,0
202103356,0,0,0,0,0,0
202103353,0,0,0,0,0,0
202103361,0,0,0,0,0,0
202103357,0,0,0,0,0,0
202103360,0,0,0,0,0,0
202103363,0,0,0,0,0,0
202103358,0,0,0,0,0,0
202103365,0,0,0,0,0,0
202103359,0,0,0,0,0,0
202103362,0,0,0,0,0,0
202103370,0,0,0,0,0,0
202103372,0,0,0,0,0,0
202103354,0,0,0,0,0,0
202103369,0,0,0,0,0,0
202103364,0,0,0,0,0,0
202103374,0,0,0,0,0,0
202103373,0,0,0,0,0,0
202103375,0,0,0,0,0,0
202103368,0,0,0,0,0,0
202103376,1,1,1,0,1,0
202103377,0,0,0,0,0,0
202103366,0,0,0,0,0,0
202103380,0,0,0,0,0,0
202103378,0,0,0,0,0,0
202103379,0,0,0,0,0,0
202103381,0,0,0,0,0,0
202103386,0,0,0,0,0,0
202103385,0,0,0,0,0,0
202103382,0,0,0,0,0,0
202103389,0,0,0,0,0,0
202103371,0,0,0,0,0,0
202103391,0,0,0,0,0,0
202103383,0,0,0,0,0,0
202103390,0,0,0,0,0,0
202103388,0,0,0,0,0,0
202103393,0,0,0,0,0,0
202103387,0,0,0,0,0,0
202103394,0,0,0,0,0,0
202103398,0,0,0,0,0,0
202103396,0,0,0,0,0,0
202103401,0,0,0,0,0,0
202103395,0,0,0,0,0,0
202103400,0,0,0,0,0,0
202103403,0,0,0,0,0,0
202103402,0,0,0,0,0,0
202103406,0,0,0,0,0,0
202103407,0,0,0,0,0,0
202103392,0,0,0,0,0,0
202103405,0,0,0,0,0,0
202103399,0,0,0,0,0,0
202103409,0,0,0,0,0,0
202103411,0,0,0,0,0,0
202103404,0,0,0,0,0,0
202103414,0,0,0,0,0,0
202103416,0,0,0,0,0,0
202103410,0,0,0,0,0,0
202103413,0,0,0,0,0,0
202103418,0,0,0,0,0,0
202103420,0,0,0,0,0,0
202103415,0,0,0,0,0,0
202103412,0,0,0,0,0,0
202103417,0,0,0,0,0,0
202103423,0,0,0,0,0,0
202103419,0,0,0,0,0,0
202103425,0,0,0,0,0,0
202103426,0,0,0,0,0,0
202103427,0,0,0,0,0,0
202103408,0,0,0,0,0,0
202103429,0,0,0,0,0,0
202103430,0,0,0,0,0,0
202103428,0,0,0,0,0,0
202103421,0,0,0,0,0,0
202103424,0,0,0,0,0,0
202103422,0,0,0,0,0,0
202103434,0,0,0,0,0,0
202103435,0,0,0,0,0,0
202103438,0,0,0,0,0,0
202103432,0,0,0,0,0,0
202103436,0,0,0,0,0,0
202103441,0,0,0,0,0,0
202103433,0,0,0,0,0,0
202103439,0,0,0,0,0,0
202103437,0,0,0,0,0,0
202103444,0,0,0,0,0,0
202103440,0,0,0,0,0,0
202103431,0,0,0,0,0,0
202103445,0,0,0,0,0,0
202103443,0,0,0,0,0,0
202103446,0,0,0,0,0,0
202103442,0,0,0,0,0,0
202103452,0,0,0,0,0,0
202103451,0,0,0,0,0,0
202103453,0,0,0,0,0,0
202103454,0,0,0,0,0,0
202103449,0,0,0,0,0,0
202103456,0,0,0,0,0,0
202103459,0,0,0,0,0,0
202103458,0,0,0,0,0,0
202103460,0,0,0,0,0,0
202103455,0,0,0,0,0,0
202103447,0,0,0,0,0,0
202103462,0,0,0,0,0,0
202103448,0,0,0,0,0,0
202103457,0,0,0,0,0,0
202103465,0,0,0,0,0,0
202103466,0,0,0,0,0,0
202103467,0,0,0,0,0,0
202103464,0,0,0,0,0,0
202103471,0,0,0,0,0,0
202103461,0,0,0,0,0,0
202103470,0,0,0,0,0,0
202103472,0,0,0,0,0,0
202103477,0,0,0,0,0,0
202103475,0,0,0,0,0,0
202103478,0,0,0,0,0,0
202103474,0,0,0,0,0,0
202103463,0,0,0,0,0,0
202103450,0,0,0,0,0,0
202103480,0,0,0,0,0,0
202103483,0,0,0,0,0,0
202103484,0,0,0,0,0,0
202103482,0,0,0,0,0,0
202103479,0,0,0,0,0,0
202103481,0,0,0,0,0,0
202103492,0,0,0,0,0,0
202103473,0,0,0,0,0,0
202103494,0,0,0,0,0,0
202103493,0,0,0,0,0,0
202103495,0,0,0,0,0,0
202103476,0,0,0,0,0,0
202103497,0,0,0,0,0,0
202103485,0,0,0,0,0,0
202103489,0,0,0,0,0,0
202103499,0,0,0,0,0,0
202103500,0,0,0,0,0,0
202103502,0,0,0,0,0,0
202103505,0,0,0,0,0,0
202103503,0,0,0,0,0,0
202103488,0,0,0,0,0,0
202103496,0,0,0,0,0,0
202103501,0,0,0,0,0,0
202103508,0,0,0,0,0,0
202103509,0,0,0,0,0,0
202103498,0,0,0,0,0,0
202103514,0,0,0,0,0,0
202103511,0,0,0,0,0,0
202103507,0,0,0,0,0,0
202103515,0,0,0,0,0,0
202103516,0,0,0,0,0,0
202103517,0,0,0,0,0,0
202103512,0,0,0,0,0,0
202103504,0,0,0,0,0,0
202103521,0,0,0,0,0,0
202103518,0,0,0,0,0,0
202103520,0,0,0,0,0,0
202103524,0,0,0,0,0,0
202103525,0,0,0,0,0,0
202103541,0,0,0,0,0,0
202103540,0,0,0,0,0,0
202103519,0,0,0,0,0,0
202103544,0,0,0,0,0,0
202103506,0,0,0,0,0,0
202103546,0,0,1,0,0,0
202103550,0,0,0,0,0,0
202103552,0,0,0,0,1,1
202103527,0,0,0,0,0,0
202103545,0,0,0,0,0,0
202103554,0,0,0,0,0,0
202103556,0,0,0,0,0,0
202103553,0,0,1,0,1,1
202103557,0,0,0,0,0,0
202103555,0,0,0,0,0,0
202103558,0,0,0,0,0,0
202103543,0,0,0,0,0,0
202103561,0,0,0,0,0,0
202103562,0,0,0,0,0,0
202103551,0,0,0,0,0,0
202103565,0,0,0,0,0,0
202103560,0,0,0,0,0,0
202103567,0,0,0,0,0,0
202103526,0,0,0,0,0,0
202103571,0,0,0,0,0,0
202103570,0,0,0,0,0,0
202103569,0,0,0,0,0,0
202103574,0,0,0,0,0,0
202103573,0,0,0,0,0,0
202103578,0,0,0,0,0,0
202103583,0,0,0,0,0,0
202103575,0,0,0,0,0,0
202103587,0,0,0,0,0,0
202103563,0,0,0,0,0,0
202103559,0,0,0,0,0,0
202103572,0,0,0,0,0,0
202103590,0,0,0,0,0,0
202103592,0,0,0,0,0,0
202103564,0,0,0,0,0,0
202103584,0,0,0,0,0,0
202103598,0,0,0,0,0,0
202103600,0,0,0,0,0,0
202103589,0,0,0,0,0,0
202103591,0,0,0,0,0,0
202103599,0,0,0,0,0,0
202103602,0,0,0,0,0,0
202103601,0,0,0,0,0,0
202103588,0,0,0,0,0,0
202103618,0,0,0,0,0,0
202103603,0,0,0,0,0,0
202103609,0,0,0,0,0,0
202103620,0,0,0,0,0,0
202103621,0,0,0,0,0,0
202103607,0,0,0,0,0,0
202103887,0,0,0,0,0,0
202103605,0,0,0,0,0,0
202103619,0,0,0,0,0,0
202103889,0,0,0,0,0,0
202103888,0,0,0,0,0,0
202103890,0,0,0,0,0,0
202103597,0,0,0,0,0,0
202103897,0,0,0,0,0,0
202103900,0,0,0,0,0,0
202103903,0,0,0,0,0,0
202103622,0,1,0,0,0,0
202103624,0,0,0,0,0,0
202103899,0,0,0,0,0,0
202103901,0,0,0,0,0,0
202103902,0,0,0,0,0,0
202103905,0,0,0,0,0,0
202103908,0,0,0,0,0,0
202103906,0,0,0,0,0,0
202103904,0,0,0,0,0,0
202103919,0,0,0,0,0,0
202103921,0,0,0,0,0,0
202103920,0,0,0,0,0,0
202103898,0,0,0,0,0,0
202103926,0,0,0,0,0,0
202103907,0,0,0,0,0,0
202103925,0,0,0,0,0,0
202103924,0,0,0,0,0,0
202103922,0,0,0,0,0,0
202103923,0,0,0,0,0,0
202103927,0,0,0,0,0,0
202103930,0,0,0,0,0,0
202103947,0,0,0,0,0,0
202103929,0,0,0,0,0,0
202103955,0,0,0,0,0,0
202103945,0,0,0,0,0,0
202103956,0,0,0,0,0,0
202103939,0,0,0,0,0,0
202103957,0,0,0,0,0,0
202103958,0,0,0,0,0,0
202103959,0,0,0,0,0,0
202103961,0,0,0,0,0,0
202103960,0,0,0,0,0,0
202103964,0,0,0,0,0,0
202103932,0,0,0,0,0,0
202103962,0,0,0,0,0,0
202103976,0,0,0,0,0,0
202103975,0,0,0,0,0,0
202103974,0,0,0,0,0,0
202103973,0,0,0,0,0,0
202103980,0,0,0,0,0,0
202103979,0,0,0,0,0,0
202103963,0,0,0,0,0,0
202103982,0,0,0,0,0,0
202103928,0,0,0,0,0,0
202103978,0,0,0,0,0,0
202103981,0,0,0,0,0,0
202103983,0,0,0,0,0,0
202103977,0,0,0,0,0,0
202103988,0,0,0,0,0,0
202103987,0,0,0,0,0,0
202103989,0,0,0,0,0,0
202103986,0,0,0,0,0,0
202103984,0,0,0,0,0,0
202103991,0,0,0,0,0,0
202103985,0,0,0,0,0,0
202103992,0,0,0,0,0,0
202103993,0,0,0,0,0,0
202103994,0,0,0,0,0,0
202104006,0,0,0,0,0,0
202104004,0,0,0,0,0,0
202104003,0,0,0,0,0,0
202104009,0,0,0,0,0,0
202104005,0,0,0,0,0,0
202104012,0,0,0,0,0,0
202103990,0,0,0,0,0,0
202104015,0,0,0,0,0,0
202104014,0,0,0,0,0,0
202104008,0,0,0,0,0,0
202104023,0,0,0,0,0,0
202104011,0,0,0,0,0,0
202104026,0,0,0,0,0,0
202104025,0,0,0,0,0,0
202104028,0,0,0,0,0,0
202104007,0,0,0,0,0,0
202104030,0,0,0,0,0,0
202104027,0,0,0,0,0,0
202104024,0,0,0,0,0,0
202104010,0,0,0,0,0,0
202104029,0,0,0,0,0,0
202104032,0,0,0,0,0,0
202104031,0,0,0,0,0,0
202104034,0,0,0,0,0,0
202104039,0,0,0,0,0,0
202104037,0,0,0,0,0,0
202104041,0,0,0,0,0,0
202104046,0,0,0,0,0,0
202104048,0,0,0,0,0,0
202104042,0,0,0,0,0,0
202104038,0,0,0,0,0,0
202104036,0,0,0,0,0,0
202104052,0,0,0,0,0,0
202104051,0,0,0,0,0,0
202104050,0,0,0,0,0,0
202104055,0,0,0,0,0,0
202104035,0,0,0,0,0,0
202104062,0,0,0,0,0,0
202104060,0,0,0,0,0,0
202104061,0,0,0,0,0,0
202104053,0,0,0,0,0,0
202104066,0,1,0,0,0,1
202104064,0,0,0,0,0,0
202104059,0,0,0,0,0,0
202104067,0,0,0,0,0,0
202104070,0,1,0,1,1,1
202104063,0,0,0,0,0,0
202104033,0,0,0,0,0,0
202104065,0,0,0,0,0,0
202104068,0,0,0,0,0,0
202104074,0,0,0,0,0,0
202104071,0,0,0,0,0,0
202104076,0,0,0,0,0,0
202104080,0,0,0,0,0,0
202104081,0,0,0,0,1,0
202104082,0,0,0,0,0,0
202104073,0,0,0,0,0,0
202104069,1,1,0,0,0,1
202104084,0,0,0,0,0,0
202104083,0,1,0,0,0,1
202104075,0,0,0,0,0,0
202104085,0,0,0,0,0,0
202104086,0,0,0,0,0,0
202104088,0,0,0,0,0,0
202104090,0,0,0,0,0,0
202104092,0,0,0,0,0,0
202104094,0,0,0,0,0,0
202104091,0,0,0,0,0,0
202104096,0,0,0,0,0,0
202104095,0,0,0,0,0,0
202104097,0,0,0,0,0,0
202104079,0,1,0,0,0,1
202104100,0,0,0,0,0,0
202104087,0,0,0,0,0,0
202104098,0,0,0,0,0,0
202104102,0,0,0,0,0,0
202104103,0,0,0,0,0,0
202104105,0,0,0,0,0,0
202104093,0,0,0,0,0,0
202104099,0,0,0,0,0,0
202104106,0,0,0,0,0,0
202104089,0,0,0,0,0,0
202104104,0,0,0,0,0,0
202104113,0,0,0,0,0,0
202104101,0,0,0,0,0,0
202104119,0,0,0,0,0,0
202104116,0,0,0,0,0,0
202104118,0,0,0,0,0,0
202104111,0,0,0,0,0,0
202104117,0,0,0,0,0,0
202104123,0,0,0,0,0,0
202104124,0,0,0,0,0,0
202104107,0,0,0,0,0,0
202104126,0,0,0,0,0,0
202104125,0,0,0,0,0,0
202104122,0,0,0,0,0,0
202104120,0,0,0,0,0,0
202104121,0,0,0,0,0,0
202104129,0,0,0,0,0,0
202104128,0,0,0,0,0,0
202104132,0,0,0,0,0,0
202104133,0,0,0,0,0,0
202104137,0,0,0,0,0,0
202104130,0,0,0,0,0,0
202104142,0,0,0,0,0,0
202104135,0,0,0,0,0,0
202104127,0,0,0,0,0,0
202104146,1,1,1,0,1,1
202104151,0,0,0,0,0,0
202104152,0,0,0,0,0,0
202104153,0,0,0,0,0,0
202104144,0,0,0,0,0,0
202104150,0,0,0,0,0,0
202104155,0,1,0,0,0,0
202104131,0,0,0,0,0,0
202104157,0,0,0,0,0,0
202104161,0,0,0,0,0,0
202104156,0,0,0,0,0,0
202104136,0,0,0,0,0,0
202104154,0,0,0,0,0,0
202104159,0,0,0,0,0,0
202104164,0,0,0,0,0,0
202104163,1,1,0,0,1,0
202104167,0,0,0,0,0,0
202104162,0,0,0,0,0,0
202104165,0,0,0,0,0,0
202104168,0,0,0,0,0,0
202104172,0,0,0,0,0,0
202104170,0,0,0,0,0,0
202104174,0,0,0,0,0,0
202104160,0,0,0,0,0,0
202104171,0,0,0,0,0,0
202104176,0,0,0,0,0,0
202104175,0,0,0,0,0,0
202104178,0,0,0,0,0,0
202104169,0,0,0,0,0,0
202104180,0,0,0,0,0,0
202104173,0,0,0,0,0,0
202104166,0,0,0,0,0,0
202104182,0,0,0,0,0,0
202104184,0,0,0,0,0,0
202104186,0,0,0,0,0,0
202104187,0,0,0,0,0,0
202104185,0,0,0,0,0,0
202104181,0,0,0,0,0,0
202104179,0,0,0,0,0,0
202104189,0,0,0,0,0,0
202104188,0,0,0,0,0,0
202104177,0,0,0,0,0,0
202104194,0,0,0,0,0,0
202104195,0,0,0,0,0,0
202104190,0,0,0,0,0,0
202104192,0,0,0,0,0,0
202104193,0,0,0,0,0,0
202104200,0,0,0,0,0,0
202104198,0,0,0,0,0,0
202104202,0,0,0,0,0,0
202104191,0,0,0,0,0,0
202104204,0,0,0,0,0,0
202104205,0,0,0,0,0,0
202104196,0,0,0,0,0,0
202104206,0,0,0,0,0,0
202104201,0,0,0,0,0,0
202104209,0,0,0,0,0,0
202104207,0,0,0,0,0,0
202104208,0,0,0,0,0,0
202104197,0,0,0,0,0,0
202104211,0,0,0,0,0,0
202104210,0,0,0,0,0,0
202104203,0,0,0,0,0,0
202104199,0,0,0,0,0,0
202104214,0,0,0,0,0,0
202104216,0,0,0,0,0,0
202104218,0,0,0,0,0,0
202104213,0,0,0,0,0,0
202104217,0,0,0,0,0,0
202104221,0,0,0,0,0,0
202104215,0,0,0,0,0,0
202104220,0,0,0,0,0,0
202104225,0,0,0,0,0,0
202104223,0,0,0,0,0,0
202104212,0,0,0,0,0,0
202104219,0,0,0,0,0,0
202104228,0,0,0,0,0,0
202104222,0,0,0,0,0,0
202104224,0,0,0,0,0,0
202104226,0,0,0,0,0,0
202104231,0,0,0,0,0,0
202104230,0,0,0,0,0,0
202104233,0,0,0,0,0,0
202104235,0,0,0,0,0,0
202104229,0,0,0,0,0,0
202104232,0,0,0,0,0,0
202104239,0,0,0,0,0,0
202104240,0,0,0,0,0,0
202104236,0,0,0,0,0,0
202104238,0,0,0,0,0,0
202104241,0,0,0,0,0,0
202104227,0,0,0,0,0,0
202104242,0,0,0,0,0,0
202104246,0,0,0,0,0,0
202104237,0,0,0,0,0,0
202104243,0,0,0,0,0,0
202104244,0,0,0,0,0,0
202104245,0,0,0,0,0,0
202104248,0,0,0,0,0,0
202104253,0,0,0,0,0,0
202104247,0,0,0,0,0,0
202104234,0,0,0,0,0,0
202104250,0,0,0,0,0,0
202104256,0,0,0,0,0,0
202104255,0,0,0,0,0,0
202104251,0,0,0,0,0,0
202104252,0,0,0,0,0,0
202104258,0,0,0,0,0,0
202104259,0,0,0,0,0,0
202104257,0,0,0,0,0,0
202104249,0,0,0,0,0,0
202104262,0,0,0,0,0,0
202104260,0,0,0,0,0,0
202104264,0,0,0,0,0,0
202104266,0,0,0,0,0,0
202104265,0,0,0,0,0,0
202104263,0,0,0,0,0,0
202104261,0,0,0,0,0,0
202104271,0,0,0,0,0,0
202104268,0,0,0,0,0,0
202104273,0,0,0,0,0,0
202104267,0,0,0,0,0,0
202104270,0,0,0,0,0,0
202104274,0,0,0,0,0,0
202104254,0,0,0,0,0,0
202104275,0,0,0,0,0,0
202104286,0,0,0,0,0,0
202104272,0,0,0,0,0,0
202104287,0,0,0,0,0,0
202104284,0,0,0,0,0,0
202104276,0,0,0,0,0,0
202104277,0,0,0,0,0,0
202104288,0,0,0,0,0,0
202104290,0,0,0,0,0,0
202104269,0,0,0,0,0,0
202104301,0,0,0,0,0,0
202104291,0,0,0,0,0,0
202104289,0,0,0,0,0,0
202104300,0,0,0,0,0,0
202104304,0,0,0,0,0,0
202104320,0,0,0,0,0,0
202104322,0,0,0,0,0,0
202104303,0,0,0,0,0,0
202104298,0,0,0,0,0,0
202104321,0,0,0,0,0,0
202104323,0,0,0,0,0,0
202104324,0,0,0,0,0,0
202104325,0,0,0,0,0,0
202104327,0,0,0,0,0,0
202104302,0,0,0,0,0,0
202104305,0,0,0,0,0,0
202104328,0,0,0,0,0,0
202104329,0,0,0,0,0,0
202104326,0,0,0,0,0,0
202104330,0,0,0,0,0,0
202104341,0,0,0,0,0,0
202104339,0,0,0,0,0,0
202104337,0,0,0,0,0,0
202104345,0,0,0,0,0,0
202104351,0,0,0,0,0,0
202104335,0,0,0,0,0,0
202104343,0,0,0,0,0,0
202104350,0,0,0,0,0,0
202104348,0,0,0,0,0,0
202104355,0,0,0,0,0,0
202104356,0,0,0,0,0,0
202104357,0,0,0,0,0,0
202104354,0,0,0,0,0,0
202104349,0,0,0,0,0,0
202104359,0,0,0,0,0,0
202104371,0,0,0,0,0,0
202104352,0,0,0,0,0,0
202104353,0,0,0,0,0,0
202104374,0,0,0,0,0,0
202104376,0,0,0,0,0,0
202104370,0,0,0,0,0,0
202104378,0,0,0,0,0,0
202104380,0,0,0,0,0,0
202104381,0,0,0,0,0,0
202104372,0,0,0,0,0,0
202104382,0,0,0,0,0,0
202104383,0,0,0,0,0,0
202104385,0,0,0,0,0,0
202104389,0,0,0,0,0,0
202104400,0,0,0,0,0,0
202104347,0,0,0,0,0,0
202104387,0,0,0,0,0,0
202104401,0,0,0,0,0,0
202104377,0,0,0,0,0,0
202104404,0,0,0,0,0,0
202104403,0,0,0,0,0,0
202104373,0,0,0,0,0,0
202104402,0,0,0,0,0,0
202104405,0,0,0,0,0,0
202104399,0,0,0,0,0,0
202104406,0,0,0,0,0,0
202104409,0,0,0,0,0,0
202104408,0,0,0,0,0,0
202104413,0,0,0,0,0,0
202104407,0,0,0,0,0,0
202104412,0,0,0,0,0,0
202104410,0,0,0,0,0,0
202104414,0,0,0,0,0,0
202104418,0,0,0,0,0,0
202104416,0,0,0,0,0,0
202104411,0,0,0,0,0,0
202104419,0,0,0,0,0,0
202104417,0,0,0,0,0,0
202104415,0,0,0,0,0,0
202104423,0,0,0,0,0,0
202104422,0,0,0,0,0,0
202104427,0,0,0,0,0,0
202104421,0,0,0,0,0,0
202104420,0,0,0,0,0,0
202104428,0,0,0,0,0,0
202104425,0,0,0,0,0,0
202104426,0,0,0,0,0,0
202104429,0,0,0,0,0,0
202104431,0,0,0,0,0,0
202104430,0,0,0,0,0,0
202104435,0,0,0,0,0,0
202104434,0,0,0,0,0,0
202104432,0,0,0,0,0,0
202104433,0,0,0,0,0,0
202104438,0,0,0,0,0,0
202104440,0,0,0,0,0,0
202104437,0,0,0,0,0,0
202104441,0,0,0,0,0,0
202104444,0,0,0,0,0,0
202104436,0,0,0,0,0,0
202104424,0,0,0,0,0,0
202104445,0,0,0,0,0,0
202104442,0,0,0,0,0,0
202104446,0,0,0,0,0,0
202104447,0,0,0,0,0,0
202104439,0,0,0,0,0,0
202104450,0,0,0,0,0,0
202104448,0,0,0,0,0,0
202104451,0,0,0,0,0,0
202104443,0,0,0,0,0,0
202104454,0,0,0,0,0,0
202104453,0,0,0,0,0,0
202104455,0,0,0,0,0,0
202104452,0,0,0,0,0,0
202104456,0,0,0,0,0,0
202104467,0,0,0,0,0,0
202104465,0,0,0,0,0,0
202104449,0,0,0,0,0,0
202104470,0,0,0,0,0,0
202104469,0,0,0,0,0,0
202104472,0,0,0,0,0,0
202104464,0,0,0,0,0,0
202104475,0,0,0,0,0,0
202104471,0,0,0,0,0,0
202104466,0,0,0,0,0,0
202104478,0,0,0,0,0,0
202104477,0,0,0,0,0,0
202104480,0,0,0,0,0,0
202104468,0,0,0,0,0,0
202104476,0,0,0,0,0,0
202104479,0,0,0,0,0,0
202104463,0,0,0,0,0,0
202104473,0,0,0,0,0,0
202104482,0,0,0,0,0,0
202104484,0,0,0,0,0,0
202104481,0,0,0,0,0,0
202104489,0,0,0,0,0,0
202104485,0,0,0,0,0,0
202104487,0,0,0,0,0,0
202104490,0,0,0,0,0,0
202104486,0,0,0,0,0,0
202104492,0,0,0,0,0,0
202104483,0,0,0,0,0,0
202104498,0,0,0,0,0,0
202104494,0,0,0,0,0,0
202104497,0,0,0,0,0,0
202104499,0,0,0,0,0,0
202104500,0,0,0,0,0,0
202104488,0,0,0,0,0,0
202104503,0,0,0,0,0,0
202104506,0,0,0,0,0,0
202104505,0,0,0,0,0,0
202104507,0,0,0,0,0,0
202104504,0,0,0,0,0,0
202104493,0,0,0,0,0,0
202104509,0,0,0,0,0,0
202104510,0,0,0,0,0,0
202104491,0,0,0,0,0,0
202104513,0,0,0,0,0,0
202104514,0,0,0,0,0,0
202104515,0,0,0,0,0,0
202104502,0,0,0,0,0,0
202104519,0,0,0,0,0,0
202104516,0,0,0,0,0,0
202104521,0,0,0,0,0,0
202104512,0,0,0,0,0,0
202104517,0,0,0,0,0,0
202104527,0,0,0,0,0,0
202104526,0,0,0,0,0,0
202104528,0,0,0,0,0,0
202104529,0,0,0,0,0,0
202104525,0,0,0,0,0,0
202104518,0,0,0,0,0,0
202104524,0,0,0,0,0,0
202104508,0,0,0,0,0,0
202104536,0,0,0,0,0,0
202104535,0,0,0,0,0,0
202104539,0,0,0,0,0,0
202104537,0,0,0,0,0,0
202104534,0,0,0,0,0,0
202104542,0,0,0,0,0,0
202104540,0,0,0,0,0,0
202104543,0,0,0,0,0,0
202104538,0,0,0,0,0,0
202104546,0,0,0,0,0,0
202104533,0,0,0,0,0,0
202104544,0,0,0,0,0,0
202104548,0,0,0,0,0,0
202104547,0,0,0,0,0,0
202104545,0,0,0,0,0,0
202104551,0,0,0,0,0,0
202104541,0,0,0,0,0,0
202104552,0,0,0,0,0,0
202104549,0,0,0,0,0,0
202104554,0,0,0,0,0,0
202104550,0,0,0,0,0,0
202104557,0,0,0,0,0,0
202104558,0,0,0,0,0,0
202104559,0,0,0,0,0,0
202104562,0,0,0,0,0,0
202104556,0,0,0,0,0,0
202104564,0,0,0,0,0,0
202104563,0,0,0,0,0,0
202104566,0,0,0,0,0,0
202104555,0,0,0,0,0,0
202104567,0,0,0,0,0,0
202104568,0,0,0,0,0,0
202104560,0,0,0,0,0,0
202104561,0,0,0,0,0,0
202104570,0,0,0,0,0,0
202104565,0,0,0,0,0,0
202104571,0,0,0,0,0,0
202104553,0,0,0,0,0,0
202104569,0,0,0,0,0,0
202104575,0,0,0,0,0,0
202104573,0,0,0,0,0,0
202104572,0,0,0,0,0,0
202104577,0,0,0,0,0,0
202104581,0,0,0,0,0,0
202104579,0,0,0,0,0,0
202104583,0,0,0,0,0,0
202104584,0,0,0,0,0,0
202104582,0,0,0,0,0,0
202104585,0,0,0,0,0,0
202104578,0,0,0,0,0,0
202104589,0,0,0,0,0,0
202104574,0,0,0,0,0,0
202104587,0,0,0,0,0,0
202104592,0,0,0,0,0,0
202104594,0,0,0,0,0,0
202104593,0,0,0,0,0,0
202104586,0,0,0,0,0,0
202104576,0,0,0,0,0,0
202104591,0,0,0,0,0,0
202104595,0,0,0,0,0,0
202104667,0,0,0,0,0,0
202104669,0,0,0,0,0,0
202104670,0,0,0,0,0,0
202104590,0,0,0,0,0,0
202104673,0,0,0,0,0,0
202104666,0,0,0,0,0,0
202104672,0,0,0,0,0,0
202104674,0,0,0,0,0,0
202104681,0,0,0,0,0,0
202104675,0,0,0,0,0,0
202104680,0,0,0,0,0,0
202104671,0,0,0,0,0,0
202104668,0,0,0,0,0,0
202104686,0,0,0,0,0,0
202104685,0,0,0,0,0,0
202104683,0,0,0,0,0,0
202104690,0,0,0,0,0,0
202104689,0,0,0,0,0,0
202104679,0,0,0,0,0,0
202104688,0,0,0,0,0,0
202104692,0,0,0,0,0,0
202104691,0,0,0,0,0,0
202104694,0,0,0,0,0,0
202104696,0,0,0,0,0,0
202104697,0,0,0,0,0,0
202104687,0,0,0,0,0,0
202104699,0,0,0,0,0,0
202104698,0,0,0,0,0,0
202104693,0,0,0,0,0,0
202104695,0,0,0,0,0,0
202104701,0,0,0,0,0,0
202104702,0,0,0,0,0,0
202104684,0,0,0,0,0,0
202104707,0,0,0,0,0,0
202104706,0,0,0,0,0,0
202104700,0,0,0,0,0,0
202104710,0,0,0,0,0,0
202104708,0,0,0,0,0,0
202104709,0,0,0,0,0,0
202104703,0,0,0,0,0,0
202104713,0,0,0,0,0,0
202104711,0,0,0,0,0,0
202104704,0,0,0,0,0,0
202104712,0,0,0,0,0,0
202104714,0,0,0,0,0,0
202104722,0,0,0,0,0,0
202104718,0,0,0,0,0,0
202104724,0,0,0,0,0,0
202104723,0,0,0,0,0,0
202104715,0,0,0,0,0,0
202104705,0,0,0,0,0,0
202104729,0,0,0,0,0,0
202104726,0,0,0,0,0,0
202104725,0,0,0,0,0,0
202104719,0,0,0,0,0,0
202104733,0,0,0,0,0,0
202104732,0,0,0,0,0,0
202104731,0,0,0,0,0,0
202104737,0,0,0,0,0,0
202104716,0,0,0,0,0,0
202104735,0,0,0,0,0,0
202104734,0,0,0,0,0,0
202104740,0,0,0,0,0,0
202104738,0,0,0,0,0,0
202104728,0,0,0,0,0,0
202104741,0,0,0,0,0,0
202104739,0,0,0,0,0,0
202104744,0,0,0,0,0,0
202104742,0,0,0,0,0,0
202104746,0,0,0,0,0,0
202104736,0,0,0,0,0,0
202104743,0,0,0,0,0,0
202104749,0,0,0,0,0,0
202104750,0,0,0,0,0,0
202104747,0,0,0,0,0,0
202104755,0,0,0,0,0,0
202104756,0,0,0,0,0,0
202104752,0,0,0,0,0,0
202104758,0,0,0,0,0,0
202104757,0,0,0,0,0,0
202104759,0,0,0,0,0,0
202104760,0,0,0,0,0,0
202104751,0,0,0,0,0,0
202104762,0,0,0,0,0,0
202104748,0,0,0,0,0,0
202104745,0,0,0,0,0,0
202104765,0,0,0,0,0,0
202104754,0,0,0,0,0,0
202104769,0,0,0,0,0,0
202104767,0,0,0,0,0,0
202104763,0,0,0,0,0,0
202104770,0,0,0,0,0,0
202104768,0,0,0,0,0,0
202104771,0,0,0,0,0,0
202104766,0,0,0,0,0,0
202104774,0,0,0,0,0,0
202104773,0,0,0,0,0,0
202104776,0,0,0,0,0,0
202104772,0,0,0,0,0,0
202104775,0,0,0,0,0,0
202104781,0,0,0,0,0,0
202104778,0,0,0,0,0,0
202104764,0,0,0,0,0,0
202104780,0,0,0,0,0,0
202104783,0,0,0,0,0,0
202104788,1,0,0,0,1,1
202104793,0,0,0,0,0,0
202104789,1,0,1,0,1,1
202104782,0,0,0,0,0,0
202104779,0,0,0,0,0,0
202104792,0,0,0,0,0,0
202104794,0,0,0,0,0,0
202104796,0,0,0,0,0,0
202104800,0,0,0,0,0,0
202104801,0,0,0,0,0,0
202104798,0,0,0,0,0,0
202104797,0,0,0,0,0,0
202104777,0,0,0,0,0,0
202104802,0,0,0,0,0,0
202104795,0,0,0,0,0,0
202104799,0,0,0,0,0,0
202104810,0,0,0,0,0,0
202104813,0,0,0,0,0,0
202104805,0,0,0,0,0,0
202104816,0,0,0,0,0,0
202104815,0,0,0,0,0,0
202104817,0,0,0,0,0,0
202104814,0,0,0,0,0,0
202104820,0,0,0,0,0,0
202104819,0,0,0,0,0,0
202104809,0,0,0,0,0,0
202104823,0,0,0,0,0,0
202104821,0,0,0,0,0,0
202104824,0,0,0,0,0,0
202104808,0,0,0,0,0,0
202104822,0,0,0,0,0,0
202104825,0,0,0,0,0,0
202104818,0,0,0,0,0,0
202104826,0,0,0,0,0,0
202104835,0,0,0,0,0,0
202104832,0,0,0,0,0,0
202104839,0,0,0,0,0,0
202104840,0,0,0,0,0,0
202104838,0,0,0,0,0,0
202104827,0,0,0,0,0,0
202104806,0,0,0,0,0,0
202104844,0,0,0,0,0,0
202104843,0,0,0,0,0,0
202104842,0,0,0,0,0,0
202104841,0,0,0,0,0,0
202104850,0,0,0,0,0,0
202104828,0,0,0,0,0,0
202104852,0,0,0,0,0,0
202104851,0,0,0,0,0,0
202104834,0,0,0,0,0,0
202104846,0,0,0,0,0,0
202104854,0,0,0,0,0,0
202104855,0,0,0,0,0,0
202104845,0,0,0,0,0,0
202104864,0,0,0,0,0,0
202104869,0,0,0,0,0,0
202104847,0,0,0,0,0,0
202104866,0,0,0,0,0,0
202104870,0,0,0,0,0,0
202104871,0,0,0,0,0,0
202104875,0,0,0,0,0,0
202104872,0,0,0,0,0,0
202104878,0,0,0,0,0,0
202104874,0,0,0,0,0,0
202104873,0,0,0,0,0,0
202104880,0,0,0,0,0,0
202104879,0,0,0,0,0,0
202104877,0,0,0,0,0,0
202104882,0,0,0,0,0,0
202104884,0,0,0,0,0,0
202104881,0,0,0,0,0,0
202104876,0,0,0,0,0,0
202104888,0,0,0,0,0,0
202104889,0,0,0,0,0,0
202104891,0,0,0,0,0,0
202104885,0,0,0,0,0,0
202104862,0,0,0,0,0,0
202104894,0,0,0,0,0,0
202104890,0,0,0,0,0,0
202104896,0,0,0,0,0,0
202104897,0,0,0,0,0,0
202104898,0,0,0,0,0,0
202104893,0,0,0,0,0,0
202104887,0,0,0,0,0,0
202104895,0,0,0,0,0,0
202104883,0,0,0,0,0,0
202104901,0,0,0,0,0,0
202104892,0,0,0,0,0,0
202104902,0,0,0,0,0,0
202104900,0,0,0,0,0,0
202104899,0,0,0,0,0,0
202104908,0,0,0,0,0,0
202104906,0,0,0,0,0,0
202104905,0,0,0,0,0,0
202104903,0,0,0,0,0,0
202104910,0,0,0,0,0,0
202104904,0,0,0,0,0,0
202104907,0,0,0,0,0,0
202104913,0,0,0,0,0,0
202104911,0,0,0,0,0,0
202104916,0,0,0,0,0,0
202104915,0,0,0,0,0,0
202104917,0,0,0,0,0,0
202104909,0,0,0,0,0,0
202104918,0,0,0,0,0,0
202104922,0,0,0,0,0,0
202104924,0,0,0,0,0,0
202104923,0,0,0,0,0,0
202104921,0,1,0,0,0,0
202104920,0,0,0,0,0,0
202104925,0,0,0,0,0,0
202104914,0,0,0,0,0,0
202104926,0,0,0,0,0,0
202104912,0,0,0,0,0,0
202104930,0,0,0,0,0,0
202104933,0,0,0,0,0,0
202104929,0,0,0,0,0,0
202104936,0,0,0,0,0,0
202104935,0,0,0,0,0,0
202104932,0,0,0,0,0,0
202104940,0,0,0,0,0,0
202104942,0,0,0,0,0,0
202104943,0,0,0,0,1,1
202104937,0,0,0,0,0,0
202104927,0,0,0,0,0,0
202104944,0,0,0,0,1,1
202104941,0,0,0,0,0,0
202104934,0,0,0,0,0,0
202104949,0,0,0,0,0,0
202104945,0,0,0,0,0,0
202104951,0,0,0,0,0,0
202104952,0,0,0,0,0,0
202104948,0,0,0,0,0,0
202104938,0,0,0,0,0,0
202104953,0,0,0,0,0,0
202104947,0,0,0,0,0,0
202104946,0,0,1,0,0,0
202104957,0,0,0,0,0,0
202104950,0,0,0,0,0,0
202104954,0,0,0,0,0,0
202104959,0,0,0,0,0,0
202104961,0,0,0,0,0,0
202104960,0,0,0,0,0,0
202104964,0,0,0,0,0,0
202104965,0,0,0,0,0,0
202104963,0,0,0,0,0,0
202104966,0,0,0,0,0,0
202104955,0,0,0,0,0,0
202104969,0,0,0,0,0,0
202104958,0,0,0,0,0,0
202104971,0,0,0,0,0,0
202104967,0,0,0,0,0,0
202104968,0,0,0,0,0,0
202104974,0,0,0,0,0,0
202104962,0,0,0,0,0,0
202104956,0,0,0,0,0,0
202104976,0,0,0,0,0,0
202104977,0,0,0,0,0,0
202104973,0,0,0,0,0,0
202104970,0,0,0,0,0,0
202104979,0,0,0,0,0,0
202104981,0,0,0,0,0,0
202104983,0,0,0,0,0,0
202104975,0,0,0,0,0,0
202104984,0,0,0,0,0,0
202104980,0,0,0,0,0,0
202104987,0,0,0,0,0,0
202104988,0,0,0,0,0,0
202104991,0,1,0,0,0,0
202104985,0,0,0,0,0,0
202104994,0,0,0,1,0,1
202104982,0,0,0,0,0,0
202104989,0,0,1,0,1,0
202104972,0,0,0,0,0,0
202105001,1,0,1,1,1,1
202104978,0,0,0,0,0,0
202104986,0,0,0,0,0,0
202105000,0,0,0,0,1,1
202105004,0,0,0,0,0,0
202105002,0,0,0,0,0,0
202104996,0,0,0,0,0,0
202105041,0,0,0,0,0,0
202105045,0,0,0,0,0,0
202105043,0,0,0,0,0,0
202105046,0,0,0,0,0,0
202105003,0,0,0,0,0,0
202105048,0,0,0,0,0,0
202105047,0,0,0,0,0,0
202105051,0,0,1,0,0,1
202105044,0,0,0,0,0,0
202105069,0,0,0,0,0,0
202105042,0,0,0,0,0,0
202105067,0,0,0,0,0,0
202105070,0,0,1,0,1,0
202105072,1,0,0,0,0,1
202105073,0,0,0,0,0,0
202105064,0,0,0,0,0,0
202105134,0,0,0,0,0,0
202105074,0,0,0,0,0,0
202105065,0,0,0,0,0,0
202105071,0,0,0,0,0,0
202105140,0,0,0,0,0,0
202105137,0,0,0,0,0,0
202105138,0,0,0,0,0,0
202105141,0,0,0,0,0,0
202105050,0,0,0,0,1,1
202105142,0,0,0,0,0,0
202105147,0,0,0,0,0,0
202105149,0,0,0,0,0,0
202105148,0,0,0,0,0,0
202105150,0,0,0,0,0,0
202105152,0,0,0,0,0,0
202105154,0,0,0,0,0,0
202105145,0,0,0,0,0,0
202105157,0,0,0,0,0,0
202105136,0,0,0,0,0,0
202105135,0,0,0,0,0,0
202105163,0,0,0,0,0,0
202105167,0,0,0,0,0,0
202105144,0,0,0,0,0,0
202105153,0,0,0,0,0,0
202105168,0,0,0,0,0,0
202105156,0,0,0,0,0,0
202105155,0,0,0,0,0,0
202105174,0,0,0,0,0,0
202105173,0,0,0,0,0,0
202105172,0,0,0,0,0,0
202105176,0,0,0,0,0,0
202105171,0,0,0,0,0,0
202105175,0,0,0,0,0,0
202105178,0,0,0,0,0,0
202105181,0,0,0,0,0,0
202105182,0,0,0,0,0,0
202105192,0,0,0,0,0,0
202105193,0,0,0,0,0,0
202105177,0,0,0,0,0,0
202105180,0,0,0,0,0,0
202105194,0,0,0,0,0,0
202105160,0,0,0,0,0,0
202105191,0,0,0,0,0,0
202105198,0,0,0,0,0,0
202105195,0,0,0,0,0,0
202105200,0,0,0,0,0,0
202105197,0,0,0,0,0,0
202105202,0,0,0,0,0,0
202105204,0,0,0,0,0,0
202105205,0,0,0,0,0,0
202105199,0,0,0,0,0,0
202105179,0,0,0,0,0,0
202105201,0,0,0,0,0,0
202105208,0,0,0,0,0,0
202105209,0,0,0,0,0,0
202105207,0,0,0,0,0,0
202105206,0,0,0,0,0,0
202105212,0,0,0,0,0,0
202105211,0,0,0,0,0,0
202105203,0,0,0,0,0,0
202105214,0,0,0,0,0,0
202105210,0,0,0,0,0,0
202105215,0,0,0,0,0,0
202105217,0,0,0,0,0,0
202105216,0,0,0,0,0,0
202105213,0,0,0,0,0,0
202105196,0,0,0,0,0,0
202105218,0,0,0,0,0,0
202105219,0,0,0,0,0,0
202105225,0,0,0,0,0,0
202106699,0,0,0,0,0,0
202105224,0,0,0,0,0,0
202105221,0,0,0,0,0,0
202105222,0,0,0,0,0,0
202105223,0,0,0,0,0,0
202106705,0,0,0,0,0,0
202106707,0,0,0,0,0,0
202106709,0,0,0,0,0,0
202106708,0,0,0,0,0,0
202106706,0,0,0,0,0,0
202106701,0,0,0,0,0,0
202106713,0,0,0,0,0,0
202106715,0,0,0,0,0,0
202106718,0,0,0,0,0,0
202106703,0,0,0,0,0,0
202106719,0,0,0,0,0,0
202106712,0,0,0,0,0,0
202105220,0,0,0,0,0,0
202106722,0,0,0,0,0,0
202106721,0,0,0,0,0,0
202106717,0,0,0,0,0,0
202106726,0,0,0,0,0,0
202106711,0,1,0,0,0,0
202106727,0,0,0,0,0,0
202106723,0,0,0,0,0,0
202106729,0,0,0,0,0,0
202106732,0,0,0,0,0,0
202106731,0,0,0,0,0,0
202106730,0,0,0,0,0,0
202106728,0,0,0,0,0,0
202106725,0,0,0,0,0,0
202106720,0,0,0,0,0,0
202106733,0,0,0,0,0,0
202106734,0,0,0,0,0,0
202106736,0,0,0,0,0,0
202106741,0,0,0,0,0,0
202106740,0,0,0,0,0,0
202106738,0,0,0,0,0,0
202106743,0,0,0,0,0,0
202106744,0,0,0,0,0,0
202106742,0,0,0,0,0,0
202106735,0,0,0,0,0,0
202106746,0,0,0,0,0,0
202106747,0,0,0,0,0,0
202106737,0,0,0,0,0,0
202106739,0,0,0,0,0,0
202106749,0,0,0,0,0,0
202106745,0,0,0,0,0,0
202106842,0,0,0,0,0,0
202106753,0,0,0,0,0,0
202106754,0,0,0,0,0,0
202106751,0,0,0,0,0,0
202106845,0,0,0,0,0,0
202106750,0,0,0,0,0,0
202106748,0,0,0,0,0,0
202106847,0,0,0,0,0,0
202106849,0,0,0,0,0,0
202106848,0,0,0,0,0,0
202106846,0,0,0,0,0,0
202106843,0,0,0,0,0,0
202106855,0,0,0,0,0,0
202106857,0,0,0,0,0,0
202106850,0,0,0,0,0,0
202106854,0,0,0,0,0,0
202106844,0,0,0,0,0,0
202106856,0,0,0,0,0,0
202106851,0,0,0,0,0,0
202106862,0,0,0,0,0,0
202106861,0,0,0,0,0,0
202106863,0,0,0,0,0,0
202106867,0,0,0,0,0,0
202106868,0,0,0,0,0,0
202106869,0,0,0,0,0,0
202106865,0,0,0,0,0,0
202106866,0,0,0,0,0,0
202106858,0,0,0,0,0,0
202106860,0,0,0,0,0,0
202106859,0,0,0,0,0,0
202106873,0,0,0,0,0,0
202106871,0,0,0,0,0,0
202106870,0,0,0,0,0,0
202106872,0,0,0,0,0,0
202106879,0,0,0,0,0,0
202106875,0,0,0,0,0,0
202106877,0,0,0,0,0,0
202106874,0,0,0,0,0,0
202106883,0,0,0,0,0,0
202106885,0,0,0,0,0,0
202106880,0,0,0,0,0,0
202106888,0,0,0,0,0,0
202106886,0,0,0,0,0,0
202106884,0,0,0,0,0,0
202106882,0,0,0,0,0,0
202106881,0,0,0,0,0,0
202106895,0,0,0,0,0,0
202106878,0,0,0,0,0,0
202106889,0,0,0,0,0,0
202106898,0,0,0,0,0,0
202106897,0,0,0,0,0,0
202106902,0,0,0,0,0,0
202106904,0,0,0,0,0,0
202106892,0,0,0,0,0,0
202106894,0,0,0,0,0,0
202106905,0,0,0,0,0,0
202106901,0,0,0,0,0,0
202106903,0,0,0,0,0,0
202106891,0,0,0,0,0,0
202106906,0,0,0,0,0,0
202106908,0,1,0,0,0,0
202106893,0,0,0,0,0,0
202106909,0,0,0,0,0,0
202106910,0,0,0,0,0,0
202107005,0,0,0,0,0,0
202106911,0,0,0,0,0,0
202107007,0,0,0,0,0,0
202107010,0,0,0,0,0,0
202107008,0,0,0,0,0,0
202107014,0,0,0,0,0,0
202107012,0,0,0,0,0,0
202107016,0,0,0,0,0,0
202107006,0,0,0,0,0,0
202107009,0,0,0,0,0,0
202107019,0,0,0,0,0,0
202107011,0,0,0,0,0,0
202107013,0,0,0,0,0,0
202107017,0,0,0,0,0,0
202107018,0,0,0,0,0,0
202107022,0,0,0,0,0,0
202107021,0,0,0,0,0,0
202107024,0,0,0,0,0,0
202107020,0,0,0,0,0,0
202107026,0,0,0,0,0,0
202107025,0,0,0,0,0,0
202107015,0,0,0,0,0,0
202107027,0,0,0,0,0,0
202107029,0,0,0,0,0,0
202107030,0,0,0,0,0,0
202107031,0,0,0,0,0,0
202107028,0,0,0,0,0,0
202107036,0,0,0,0,0,0
202107032,0,0,0,0,0,0
202107023,0,0,0,0,0,0
202107037,0,0,0,0,0,0
202107039,0,0,0,0,0,0
202107033,0,0,0,0,0,0
202107040,0,0,0,0,0,0
202107034,0,0,0,0,0,0
202107041,0,0,0,0,0,0
202107038,0,0,0,0,0,0
202107225,0,0,0,0,0,0
202107035,0,0,0,0,0,0
202107227,0,0,0,0,0,0
202107126,0,0,0,0,0,0
202107042,0,0,0,0,0,0
202107256,0,0,0,0,0,0
202107228,0,0,0,0,0,0
202107226,0,0,0,0,0,0
202107229,0,0,0,0,0,0
202107257,0,0,0,0,0,0
202107525,0,0,0,0,0,0
202107224,0,0,0,0,0,0
202107542,0,0,0,0,0,0
202107300,0,0,0,0,0,0
202107523,0,0,0,0,0,0
202107330,0,0,0,0,0,0
202107545,0,0,0,0,0,0
202107546,0,0,0,0,0,0
202107544,0,0,0,0,0,0
202107550,0,0,0,0,0,0
202107553,0,0,0,0,0,0
202107551,0,0,0,0,0,0
202107556,0,0,0,0,0,0
202107557,0,0,0,0,0,0
202107547,0,0,0,0,0,0
202107554,0,0,0,0,0,0
202107555,0,0,0,0,0,0
202107552,0,0,0,0,0,0
202107560,0,0,0,0,0,0
202107561,0,0,0,0,0,0
202107543,0,0,0,0,0,0
202107565,0,0,0,0,0,0
202107564,0,0,0,0,0,0
202107566,0,0,0,0,0,0
202107562,0,0,0,0,0,0
202107558,0,0,0,0,0,0
202107568,0,0,0,0,0,0
202107570,0,0,0,0,0,0
202107571,0,0,0,0,0,0
202107573,0,0,0,0,0,0
202107572,0,0,0,0,0,0
202107569,0,0,0,0,0,0
202107575,0,0,0,0,0,0
202107574,0,0,0,0,0,0
202107567,0,0,0,0,0,0
202107578,0,0,0,0,0,0
202107579,0,0,0,0,0,0
202107576,0,0,0,0,0,0
202107581,0,0,0,0,0,0
202107563,0,0,0,0,0,0
202107559,0,0,0,0,0,0
202107583,0,0,0,0,0,0
202107584,0,0,0,0,0,0
202107577,0,0,0,0,0,0
202107585,0,0,0,0,0,0
202107588,0,0,0,0,0,0
202107586,0,0,0,0,0,0
202107591,0,0,0,0,0,0
202107590,0,0,0,0,0,0
202107592,0,0,0,0,0,0
202107594,0,0,0,0,0,0
202107582,0,0,0,0,0,0
202107580,0,0,0,0,0,0
202107596,0,0,0,0,0,0
202107593,0,0,0,0,0,0
202107589,0,0,0,0,0,0
202107587,0,0,0,0,0,0
202107597,0,0,0,0,0,0
202107599,0,0,0,0,0,0
202107598,0,0,0,0,0,0
202107603,0,0,0,0,0,0
202107602,0,0,0,0,0,0
202107601,0,0,0,0,0,0
202107600,0,0,0,0,0,0
202107606,0,0,0,0,0,0
202107605,0,0,0,0,0,0
202107595,0,0,0,0,0,0
202107608,0,0,0,0,0,0
202107610,0,0,0,0,0,0
202107604,0,0,0,0,0,0
202107611,0,0,0,0,0,0
202107614,0,0,0,0,0,0
202107607,0,0,0,0,0,0
202107613,0,0,0,0,0,0
202107618,0,0,0,0,0,0
202107612,0,0,0,0,0,0
202107615,0,0,0,0,0,0
202107620,0,0,0,0,0,0
202107617,0,0,0,0,0,0
202107609,0,0,0,0,0,0
202107623,0,0,0,0,0,0
202107619,0,0,0,0,0,0
202107616,0,0,0,0,0,0
202107624,0,0,0,0,0,0
202107625,0,0,0,0,0,0
202107628,0,0,0,0,0,0
202107626,0,0,0,0,0,0
202107629,0,0,0,0,0,0
202107627,0,0,0,0,0,0
202107631,0,0,0,0,0,0
202107622,0,0,0,0,0,0
202107621,0,0,0,0,0,0
202107635,0,0,0,0,0,0
202107637,0,0,0,0,0,0
202107630,0,0,0,0,0,0
202107638,0,0,0,0,0,0
202107640,0,0,0,0,0,0
202107634,0,0,0,0,0,0
202107636,0,0,0,0,0,0
202107632,0,0,0,0,0,0
202107643,0,0,0,0,0,0
202107639,0,0,0,0,0,0
202107646,0,0,0,0,0,0
202107642,0,0,0,0,0,0
202107644,0,0,0,0,0,0
202107647,0,0,0,0,0,0
202107641,0,0,0,0,0,0
202107645,0,0,0,0,0,0
202107648,0,0,0,0,0,0
202107652,0,0,0,0,0,0
202107633,0,0,0,0,0,0
202107654,0,0,0,0,0,0
202107653,0,0,0,0,0,0
202107657,0,0,0,0,0,0
202107658,0,0,0,0,0,0
202107659,0,0,0,0,0,0
202107660,0,0,0,0,0,0
202107661,0,0,0,0,0,0
202107655,0,0,0,0,0,0
202107649,0,0,0,0,0,0
202107651,0,0,0,0,0,0
202107665,0,0,0,0,0,0
202107664,0,0,0,0,0,0
202107662,0,0,0,0,0,0
202107667,0,0,0,0,0,0
202107666,0,0,0,0,0,0
202107650,0,0,0,0,0,0
202107669,0,0,0,0,0,0
202107672,0,0,0,0,0,0
202107673,0,0,0,0,0,0
202107671,0,0,0,0,0,0
202107674,0,0,0,0,0,0
202107676,0,0,0,0,0,0
202107656,0,0,0,0,0,0
202107678,0,0,0,0,0,0
202107679,0,0,0,0,0,0
202107680,0,0,0,0,0,0
202107668,0,0,0,0,0,0
202107682,0,0,0,0,0,0
202107681,0,0,0,0,0,0
202107675,0,0,0,0,0,0
202107684,0,0,0,0,0,0
202107670,0,0,0,0,0,0
202107683,0,0,0,0,0,0
202107685,0,0,0,0,0,0
202107663,0,0,0,0,0,0
202107677,0,0,0,0,0,0
202107689,0,0,0,0,0,0
202107688,0,0,0,0,0,0
202107691,0,0,0,0,0,0
202107694,0,0,0,0,0,0
202107693,0,0,0,0,0,0
202107687,0,0,0,0,0,0
202107690,0,0,0,0,0,0
202107699,0,0,0,0,0,0
202107695,0,0,0,0,0,0
202107692,0,0,0,0,0,0
202107696,0,0,0,0,0,0
202107700,0,0,0,0,0,0
202107686,0,0,0,0,0,0
202107704,0,0,0,0,0,0
202107701,0,0,0,0,0,0
202107697,0,0,0,0,0,0
202107705,0,0,0,0,0,0
202107707,0,0,0,0,0,0
202107702,0,0,0,0,0,0
202107703,0,0,0,0,0,0
202107709,0,0,0,0,0,0
202107710,0,0,0,0,0,0
202107711,0,0,0,0,0,0
202107706,0,0,0,0,0,0
202107712,0,0,0,0,0,0
202107716,0,0,0,0,0,0
202107698,0,0,0,0,0,0
202107708,0,0,0,0,0,0
202107717,0,0,0,0,0,0
202107715,0,0,0,0,0,0
202107719,0,0,0,0,0,0
202107714,0,0,0,0,0,0
202107750,0,0,0,0,0,0
202107754,0,0,0,0,0,0
202107870,0,0,0,0,0,0
202107868,0,0,0,0,0,0
202107746,0,0,0,0,0,0
202107718,0,0,0,0,0,0
202107872,0,0,0,0,0,0
202107875,0,0,0,0,0,0
202107871,0,0,0,0,0,0
202107873,0,0,0,0,0,0
202107713,0,0,0,0,0,0
202107877,0,0,0,0,0,0
202107869,0,0,0,0,0,0
202107878,0,0,0,0,0,0
202107879,0,0,0,0,0,0
202107874,0,0,0,0,0,0
202107881,0,0,0,0,0,0
202107880,0,0,0,0,0,0
202107884,0,0,0,0,0,0
202107887,0,0,0,0,0,0
202107876,0,0,0,0,0,0
202107882,0,0,0,0,0,0
202107888,0,0,0,0,0,0
202107890,0,0,0,0,0,0
202107889,0,0,0,0,0,0
202107893,0,0,0,0,0,0
202107891,0,0,0,0,0,0
202107892,0,0,0,0,0,0
202107895,0,0,0,0,0,0
202107894,0,0,0,0,0,0
202107898,0,0,0,0,0,0
202107883,0,0,0,0,0,0
202107886,0,0,0,0,0,0
202107885,0,0,0,0,0,0
202107896,0,0,0,0,0,0
202107902,0,0,0,0,0,0
202107899,0,0,0,0,0,0
202107897,0,0,0,0,0,0
202107903,0,0,0,0,0,0
202107901,0,0,0,0,0,0
202107984,0,0,0,0,0,0
202107905,0,0,0,0,0,0
202107991,0,0,0,0,0,0
202107910,0,0,0,0,0,0
202108007,0,0,0,0,0,0
202107904,0,0,0,0,0,0
202107900,0,0,0,0,0,0
202107994,0,1,0,0,0,0
202108000,0,0,0,0,0,0
202108046,0,0,0,0,0,0
202108041,0,0,0,0,0,0
202108042,0,0,0,0,0,0
202108048,0,0,0,0,0,0
202108047,0,0,0,0,0,0
202108084,0,0,0,0,0,0
202108086,0,0,0,0,0,0
202108085,0,0,0,0,0,0
202108049,0,0,0,0,0,0
202108020,0,0,0,0,0,0
202108045,0,0,0,0,0,0
202107993,0,0,0,0,0,0
202108088,0,0,0,0,0,0
202108087,0,0,0,0,0,0
202108092,0,0,0,0,0,0
202108089,0,0,0,0,0,0
202108091,0,0,0,0,0,0
202108095,0,0,0,0,0,0
202108093,0,0,0,0,0,0
202108168,0,0,0,0,0,0
202108170,0,0,0,0,0,0
202108096,0,0,0,0,0,0
202108090,0,0,0,0,0,0
202108094,0,0,0,0,0,0
202108174,0,0,0,0,0,0
202108097,0,0,0,0,0,0
202108169,0,0,0,0,0,0
202108180,0,0,0,0,0,0
202108173,0,0,0,0,0,0
202108179,0,0,0,0,0,0
202108182,0,0,0,0,0,0
202108184,0,0,0,0,0,0
202108183,0,0,0,0,0,0
202108186,0,0,0,0,0,0
202108187,0,0,0,0,0,0
202108189,0,0,0,0,0,0
202108171,0,0,0,0,0,0
202108178,0,0,0,0,0,0
202108191,0,0,0,0,0,0
202108181,0,0,0,0,0,0
202108190,0,0,0,0,0,0
202108193,0,0,0,0,0,0
202108200,0,0,0,0,0,0
202108188,0,0,0,0,0,0
202108192,0,0,0,0,0,0
202108202,0,0,0,0,0,0
202108203,0,0,0,0,0,0
202108195,0,0,0,0,0,0
202108185,0,0,0,0,0,0
202108201,0,0,0,0,0,0
202108204,0,0,0,0,0,0
202108207,0,0,0,0,0,0
202108205,0,0,0,0,0,0
202108194,0,0,0,0,0,0
202108212,0,0,0,0,0,0
202108208,0,0,0,0,0,0
202108213,0,0,0,0,0,0
202108211,0,0,0,0,0,0
202108206,0,0,0,0,0,0
202108215,0,0,0,0,0,0
202108218,0,0,0,0,0,0
202108216,0,0,0,0,0,0
202108219,0,0,0,0,0,0
202108217,0,0,0,0,0,0
202108214,0,0,0,0,0,0
202108221,0,0,0,0,0,0
202108222,0,0,0,0,0,0
202108224,0,0,0,0,0,0
202108210,0,0,0,0,0,0
202108225,0,0,0,0,0,0
202108223,0,0,0,0,0,0
202108227,0,0,0,0,0,0
202108228,0,0,0,0,0,0
202108209,0,0,0,0,0,0
202108230,0,0,0,0,0,0
202108226,0,0,0,0,0,0
202108232,0,0,0,0,0,0
202108234,0,0,0,0,0,0
202108220,0,0,0,0,0,0
202108231,0,0,0,0,0,0
202108237,0,0,0,0,0,0
202108239,0,0,0,0,0,0
202108238,0,0,0,0,0,0
202108235,0,0,0,0,0,0
202108240,0,0,0,0,0,0
202108242,0,0,0,0,0,0
202108236,0,0,0,0,0,0
202108229,0,0,0,0,0,0
202108244,0,0,0,0,0,0
202108243,0,0,0,0,0,0
202108247,0,0,0,0,0,0
202108241,0,0,0,0,0,0
202108248,0,0,0,0,0,0
202108245,0,0,0,0,0,0
202108233,0,0,0,0,0,0
202108250,0,0,0,0,0,0
202108252,0,0,0,0,0,0
202108246,0,0,0,0,0,0
202108251,0,0,0,0,0,0
202108254,0,0,0,0,1,1
202108259,0,0,0,0,0,0
202108264,0,0,0,0,0,0
202108249,0,0,0,0,0,0
202108261,0,0,0,0,0,0
202108262,0,0,0,0,0,0
202108253,0,0,0,0,0,0
202108266,0,0,0,0,0,0
202108260,0,0,0,0,0,0
202108267,0,0,0,0,0,0
202108271,0,0,0,0,0,0
202108273,0,0,0,0,0,0
202108300,0,0,0,0,0,0
202108301,0,0,0,0,0,0
202108265,0,0,0,0,0,0
202108302,0,0,0,0,0,0
202108298,0,0,0,0,0,0
202108303,0,0,0,0,0,0
202108299,0,0,0,0,0,0
202108307,0,0,0,0,0,0
202108306,0,0,0,0,0,0
202108309,0,0,0,0,0,0
202108268,0,0,0,0,0,0
202108304,0,0,0,0,0,0
202108312,0,0,0,0,0,0
202108308,0,0,0,0,0,0
202108305,0,0,0,0,0,0
202108310,0,0,0,0,0,0
202108315,0,0,0,0,0,0
202108316,0,0,0,0,0,0
202108318,0,0,0,0,0,0
202108269,0,0,0,0,0,0
202108320,0,0,0,0,0,0
202108311,0,0,0,0,0,0
202108317,0,0,0,0,0,0
202108323,0,0,0,0,0,0
202108322,0,0,0,0,0,0
202108325,0,0,0,0,0,0
202108324,0,0,0,0,0,0
202108321,0,0,0,0,0,0
202108326,0,0,0,0,0,0
202108329,0,0,0,0,0,0
202108327,0,0,0,0,0,0
202108314,0,0,0,0,0,0
202108313,0,0,0,0,0,0
202108330,0,0,0,0,0,0
202108338,0,0,0,0,0,0
202108331,0,0,0,0,0,0
202108328,0,0,0,0,0,0
202108340,0,0,0,0,0,0
202108341,0,0,0,0,0,0
202108337,0,0,0,0,0,0
202108319,0,0,0,0,0,0
202108360,0,0,0,0,0,0
202108356,0,0,0,0,0,0
202108357,0,0,0,0,0,0
202108361,0,0,0,0,0,0
202108364,0,0,0,0,0,0
202108419,0,0,0,0,0,0
202108450,0,0,0,0,0,0
202108371,0,0,0,0,0,0
202108451,0,0,0,0,0,0
202108365,0,0,0,0,0,0
202108334,0,0,0,0,0,0
202108453,0,0,0,0,0,0
202108339,0,0,0,0,0,0
202108455,0,0,0,0,0,0
202108454,0,0,0,0,0,0
202108463,0,0,0,0,0,0
202108464,0,0,0,0,0,0
202108470,0,0,0,0,0,0
202108418,0,0,0,0,0,0
202108460,0,0,0,0,0,0
202108461,0,0,0,0,0,0
202108472,0,0,0,0,0,0
202108473,0,0,0,0,0,0
202108471,0,0,0,0,0,0
202108452,0,0,0,0,0,0
202108557,0,0,0,0,0,0
202108558,0,0,0,0,0,0
202108560,0,0,0,0,0,0
202108562,0,0,0,0,0,0
202108561,0,0,0,0,0,0
202108556,0,0,0,0,0,0
202108462,0,0,0,0,0,0
202108563,0,0,0,0,0,0
202108565,0,0,0,0,0,0
202108569,0,0,0,0,0,0
202108568,0,0,0,0,0,0
202108555,0,0,0,0,0,0
202108559,0,0,0,0,0,0
202108572,0,0,0,0,0,0
202108574,0,0,0,0,0,0
202108575,0,0,0,0,0,0
202108571,0,0,0,0,0,0
202108564,0,0,0,0,0,0
202108577,0,0,0,0,0,0
202108566,0,0,0,0,0,0
202108573,0,0,0,0,0,0
202108578,0,0,0,0,0,0
202108581,0,0,0,0,0,0
202108576,0,0,0,0,0,0
202108570,0,0,0,0,0,0
202108585,0,0,0,0,0,0
202108583,0,0,0,0,0,0
202108586,0,0,0,0,0,0
202108584,0,0,0,0,0,0
202108579,0,0,0,0,0,0
202108589,0,0,0,0,0,0
202108582,0,0,0,0,0,0
202108592,0,0,0,0,0,0
202108591,0,0,0,0,0,0
202108594,0,0,0,0,0,0
202108593,0,0,0,0,0,0
202108595,0,0,0,0,0,0
202108598,0,0,0,0,0,0
202108590,0,0,0,0,0,0
202108587,0,0,0,0,0,0
202108602,0,0,0,0,0,0
202108606,0,0,0,0,0,0
202108596,0,0,0,0,0,0
202108755,0,0,0,0,0,0
202108780,0,0,0,0,0,0
202108604,0,1,0,0,0,1
202108607,0,0,1,1,1,0
202108826,0,0,0,0,1,0
202108580,0,0,0,0,0,0
202108597,0,0,0,0,0,0
202108860,0,0,0,0,0,0
202108864,0,0,0,0,0,0
202108861,0,0,0,0,0,0
202108828,0,0,1,0,0,0
202108862,0,0,0,0,0,0
202108867,0,0,0,0,0,0
202108869,0,0,0,0,0,0
202108871,0,0,0,0,0,0
202108868,0,0,0,0,0,0
202108873,0,0,0,0,0,0
202108865,0,0,0,0,0,0
202108872,0,0,0,0,0,0
202108874,0,0,0,0,0,0
202108863,0,0,0,0,0,0
202108878,0,0,0,0,0,0
202108875,0,0,0,0,0,0
202108876,0,0,0,0,0,0
202108879,0,0,0,0,0,0
202108877,0,0,0,0,0,0
202109480,0,0,0,0,0,0
202109520,0,0,0,0,0,0
202109182,0,0,0,0,0,0
202109200,0,0,0,0,0,0
202109597,0,0,0,0,0,0
202109592,0,0,0,0,0,0
202109599,0,0,0,0,0,0
202109611,0,0,0,0,0,0
202109598,0,0,0,0,0,0
202109519,0,0,0,0,0,0
202108870,0,0,0,0,0,0
202109614,0,0,0,0,0,0
202109613,0,0,0,0,0,0
202108866,0,0,0,0,0,0
202109615,0,0,0,0,0,0
202109612,0,0,0,0,0,0
202109617,0,0,0,0,0,0
202109621,0,0,0,0,0,0
202109600,0,0,0,0,0,0
202109619,0,0,0,0,0,0
202109620,0,0,0,0,0,0
202109616,0,0,0,0,0,0
202109650,0,0,0,0,0,0
202109660,0,0,0,0,0,0
202109656,0,0,0,0,0,0
202109704,0,0,0,0,0,0
202109652,0,0,0,0,0,0
202109718,0,0,0,0,0,0
202109654,0,0,0,0,0,0
202109772,0,0,0,0,0,0
202109717,0,0,0,0,0,0
202109719,0,0,0,0,0,0
202109622,0,0,0,0,0,0
202109773,0,0,0,0,0,0
202109720,0,0,0,0,0,0
202109923,0,0,0,0,0,0
202109921,0,0,0,0,0,0
202109919,0,0,0,0,0,0
202110261,0,0,0,0,0,0
202110287,0,0,0,0,0,0
202109975,0,0,0,0,0,0
202109925,0,0,0,0,0,0
202109703,0,0,0,0,0,0
202110556,0,0,0,0,0,0
202110377,0,0,0,0,0,0
202110558,0,0,0,0,0,0
202110560,0,0,0,0,0,0
202110554,0,0,0,0,0,0
202109774,0,0,0,0,0,0
202110570,0,0,0,0,0,0
202110426,0,0,0,0,0,0
202110568,0,0,0,0,0,0
202110574,0,0,0,0,0,0
202110564,0,0,0,0,0,0
202110593,0,0,0,0,0,0
202110562,0,0,0,0,0,0
202110566,0,0,0,0,0,0
202110572,0,0,0,0,0,0
202110595,0,0,0,0,0,0
202110603,0,0,0,0,0,0
202110599,0,0,0,0,0,0
202110597,0,0,0,0,0,0
202110611,0,0,0,0,0,0
202110576,0,0,0,0,0,0
202110655,0,0,0,0,0,0
202110601,0,0,0,0,0,0
202110680,0,0,0,0,0,0
202110659,0,0,0,0,0,0
202110607,0,0,0,0,0,0
202110673,0,0,0,0,0,0
202110682,0,0,0,0,0,0
202110609,0,0,0,0,0,0
202110605,0,0,0,0,0,0
202110686,0,0,0,0,0,0
202110687,0,0,0,0,0,0
202110688,0,0,0,0,0,0
202110691,0,0,0,0,0,0
202110683,0,0,0,0,0,0
202110689,0,0,0,0,0,0
202110693,0,0,0,0,0,0
202110684,0,0,0,0,0,0
202110685,0,0,0,0,0,0
202110690,0,0,0,0,0,0
202110692,0,0,0,0,0,0
202110694,0,0,0,0,0,0
202110698,0,0,0,0,0,0
202110697,0,0,0,0,0,0
202110695,0,0,0,0,0,0
202110696,0,0,0,0,0,0
202110703,0,0,0,0,0,0
202110681,0,0,0,0,0,0
202110699,0,0,0,0,0,0
202110721,0,0,0,0,0,0
202110718,0,0,0,0,0,0
202110810,0,0,0,0,0,0
202110720,0,0,0,0,0,0
202110722,0,0,0,0,0,0
202110717,0,0,0,0,0,0
202110864,0,0,0,0,0,0
202110811,0,0,0,0,0,0
202111219,0,0,0,0,0,0
202111211,0,0,0,0,0,0
202111222,0,0,0,0,0,0
202111236,0,0,0,0,0,0
202111220,0,0,0,0,0,0
202111248,0,0,0,0,0,0
202110719,0,0,0,0,0,0
202111254,0,0,0,0,0,0
202111259,1,0,0,0,0,0
202110862,0,0,0,0,0,0
202111262,0,0,0,0,0,0
202111261,0,0,0,0,0,0
202111255,0,0,0,0,0,0
202111336,0,0,0,0,0,0
202111335,0,0,0,0,0,0
202110863,0,0,0,0,0,0
202111344,0,0,0,0,0,0
202111341,0,0,0,0,0,0
202111357,0,0,0,0,0,0
202111343,0,0,0,0,0,0
202111249,0,0,0,0,0,0
202111361,0,0,0,0,0,0
202111252,0,0,0,0,0,0
202111365,0,0,0,0,0,0
202111345,0,0,0,0,0,0
202111373,0,0,0,0,0,0
202111366,0,0,0,0,0,0
202111374,0,0,0,0,0,0
202111358,0,0,0,0,0,0
202111973,0,0,0,0,0,0
202111372,0,0,0,0,0,0
202111970,0,0,0,0,0,0
202111975,0,1,1,0,0,1
202112731,0,0,0,0,0,0
202111362,0,0,0,0,0,0
202112736,0,0,0,0,0,0
202112732,0,0,0,0,0,0
202112735,0,0,0,0,0,0
202111972,0,0,0,0,0,0
202112740,1,1,0,0,0,1
202112754,0,0,0,0,0,0
202112866,0,0,0,0,0,0
202112851,0,0,0,0,0,0
202112753,0,0,0,0,0,0
202113775,0,0,0,0,0,0
202111971,0,0,0,0,0,0
202113889,0,0,0,0,0,0
202112776,0,0,0,0,0,0
202113496,0,0,0,0,0,0
202113685,0,0,1,1,0,1
202114259,0,0,0,0,0,0
202113985,0,1,1,0,1,1
202113920,0,0,0,0,0,0
202112755,0,0,0,0,0,0
202114788,0,0,0,0,0,0
202114787,0,0,0,0,0,0
202114272,0,0,0,0,0,0
202114802,0,0,0,0,0,0
202114786,0,0,0,0,0,0
202114789,0,0,0,0,0,0
202114903,0,0,0,0,0,0
202114804,0,0,0,0,0,0
202114805,0,0,0,0,0,0
202114803,0,0,0,0,0,0
202114806,0,0,0,0,0,0
202114935,0,0,0,0,0,0
202114909,0,0,0,0,0,0
202115225,0,0,0,0,0,0
202115049,0,0,0,0,0,0
202115804,0,0,0,0,0,0
202114801,0,0,0,0,0,0
202115088,0,0,0,0,0,0
202115817,0,0,0,0,0,0
202114908,0,0,0,0,0,0
202116051,0,0,0,0,0,0
202116053,0,0,0,0,0,0
202115805,0,0,0,0,0,0
202116052,0,0,0,0,0,0
202116419,0,0,0,0,0,0
202116235,0,0,0,0,0,0
202116294,0,0,0,0,0,0
202116440,0,0,0,0,0,0
202116418,0,0,0,0,0,0
202115816,0,0,0,0,0,0
202116441,0,0,0,0,0,0
202116492,1,0,0,0,0,1
202116489,0,0,0,0,0,0
202116426,0,0,0,0,0,0
202115787,0,0,0,0,0,0
202116528,0,0,0,0,0,0
202116739,0,0,0,0,0,0
202116490,0,0,0,0,0,0
202116747,0,0,0,0,0,0
202116514,0,0,0,0,0,0
202116749,0,0,0,0,0,0
202116526,0,0,0,0,0,0
202116493,1,1,0,0,0,1
202116758,0,0,0,0,0,0
202116773,0,0,0,0,0,0
202116751,0,0,0,0,0,0
202116774,0,0,0,0,0,0
202116753,0,0,0,0,0,0
202116750,0,0,0,0,0,0
202116755,0,0,0,0,0,0
202116778,0,0,0,0,0,0
202116780,0,0,0,0,0,0
202116779,0,0,0,0,0,0
202116776,0,0,0,0,0,0
202116782,0,0,0,0,0,0
202116754,0,0,0,0,0,0
202116781,0,0,0,0,0,0
202116786,0,0,0,0,0,0
202116775,0,0,0,0,0,0
202116785,0,0,0,0,0,0
202116788,0,0,0,0,0,0
202116790,0,0,0,0,0,0
202116784,0,0,0,0,0,0
202116789,0,0,0,0,0,0
202116791,0,0,0,0,0,0
202116793,0,0,0,0,0,0
202116787,0,0,0,0,0,0
202116795,0,0,0,0,0,0
202116792,0,0,0,0,0,0
202116812,0,0,0,0,0,0
202116777,0,0,0,0,0,0
202116813,0,0,0,0,0,0
202116794,0,0,0,0,0,0
202116796,0,0,0,0,0,0
202116958,0,0,0,0,0,0
202116976,0,0,0,0,0,0
202116956,0,0,0,0,0,0
202116977,0,0,0,0,0,0
202116953,0,0,0,0,0,0
202117000,0,0,0,0,0,0
202117018,0,0,1,0,1,0
202116804,0,0,0,0,0,0
202117005,0,0,0,0,0,0
202116783,0,0,0,0,0,0
202117021,0,0,0,0,0,0
202117003,0,0,0,0,0,0
202117022,0,0,0,0,0,0
202117023,0,0,0,0,0,0
202116816,0,0,0,0,0,0
202117025,0,0,0,0,0,0
202117024,0,0,1,0,1,0
202117019,0,0,0,0,0,0
202117029,0,0,0,0,0,0
202116998,0,0,0,0,0,0
202117031,1,0,0,0,1,1
202117032,1,0,1,0,1,1
202117030,0,0,0,0,0,0
202117028,0,0,0,0,0,0
202117036,0,0,0,0,0,0
202117033,0,0,0,0,0,0
202117037,0,0,0,0,0,0
202117038,0,0,0,0,0,0
202117026,0,0,0,0,0,0
202117104,0,0,0,0,0,0
202117105,0,0,0,0,0,0
202117039,0,0,0,0,0,0
202117050,0,0,0,0,0,0
202117107,0,0,0,0,0,0
202117110,0,0,0,0,0,0
202117111,0,0,0,0,0,0
202117027,0,0,0,0,0,0
202117113,0,0,0,0,0,0
202117034,0,0,0,0,0,0
202117106,0,0,0,0,0,0
202117109,0,0,0,0,0,0
202117116,0,0,0,0,0,0
202117115,0,0,0,0,0,0
202117112,0,0,0,0,0,0
202117118,0,0,0,0,0,0
202117114,0,0,0,0,0,0
202117122,0,0,0,0,0,0
202117119,0,0,0,0,0,0
202117125,0,0,0,0,0,0
202117120,0,0,0,0,0,0
202117123,0,0,0,0,0,0
202117127,0,0,0,0,0,0
202117227,0,0,0,0,0,0
202117121,0,0,0,0,0,0
202117226,0,0,0,0,0,0
202117126,0,0,0,0,0,0
202117124,0,0,0,0,0,0
202117229,0,0,0,0,0,0
202117232,0,0,0,0,0,0
202117228,0,0,0,0,0,0
202117233,0,0,0,0,0,0
202117231,0,0,0,0,0,0
202117263,0,0,0,0,0,0
202117117,0,0,0,0,0,0
202117326,0,0,0,0,0,0
202117261,0,0,0,0,0,0
202117341,0,0,0,0,0,0
202117230,0,0,0,0,0,0
202117345,0,0,0,0,0,0
202117355,0,0,0,0,0,0
202117360,0,0,0,0,0,0
202117344,0,0,0,0,0,0
202117340,0,0,0,0,0,0
202117363,0,0,0,0,0,0
202117364,0,0,0,0,0,0
202117408,0,0,0,0,0,0
202117429,0,0,0,0,0,0
202117409,0,0,0,0,0,0
202117325,0,0,0,0,0,0
202117432,0,0,0,0,0,0
202117434,0,0,0,0,0,0
202117431,0,0,0,0,0,0
202117457,0,0,0,0,0,0
202117454,0,1,0,0,0,0
202117464,0,0,1,0,0,0
202117492,0,0,0,0,0,0
202117455,0,0,0,0,0,0
202117437,0,0,0,0,0,0
202118090,0,0,0,0,0,0
202117529,0,0,0,0,0,0
202118093,0,0,0,0,0,0
202118111,0,0,0,0,0,0
202118091,0,0,0,0,0,0
202118430,0,0,0,0,0,0
202118432,0,0,0,0,0,0
202118110,0,0,0,0,0,0
202118433,0,0,0,0,0,0
202117430,0,0,0,0,0,0
202118041,0,0,0,0,0,0
202117270,0,0,0,0,0,0
202118437,0,0,0,0,0,0
202117367,0,0,0,0,0,0
202118431,0,0,0,0,0,0
202118435,0,0,0,0,0,0
202118440,0,0,0,0,0,0
202118438,0,0,0,0,0,0
202118439,0,0,0,0,0,0
202118443,0,0,0,0,0,0
202118442,0,0,0,0,0,0
202118441,0,0,0,0,0,0
202118434,0,0,0,0,0,0
202118446,0,0,0,0,0,0
202118448,0,0,0,0,0,0
202118445,0,0,0,0,0,0
202118447,0,0,0,0,0,0
202118451,0,0,0,0,0,0
202118450,0,0,0,0,0,0
202118453,0,0,0,0,0,0
202118449,0,0,0,0,0,0
202118436,0,0,0,0,0,0
202118454,0,0,0,0,0,0
202118457,0,0,0,0,0,0
202118456,0,0,0,0,0,0
202118444,0,0,0,0,0,0
202118455,0,0,0,0,0,0
202118462,0,0,0,0,0,0
202118465,0,0,0,0,0,0
202118464,0,0,0,0,0,0
202118452,0,0,0,0,0,0
202118478,0,0,0,0,0,0
202118480,0,0,0,0,0,0
202118477,0,0,0,0,0,0
202118476,0,0,0,0,0,0
202119091,0,0,0,0,0,0
202118463,0,0,0,0,0,0
202119092,0,0,0,0,0,0
202120175,0,0,0,0,0,0
202118479,0,0,0,0,0,0
202120336,0,0,0,0,0,0
202120338,0,0,0,0,0,0
202118481,0,0,0,0,0,0
202120798,0,0,0,0,0,0
202120824,0,0,0,0,0,0
202120826,0,0,0,0,0,0
202120825,0,0,0,0,0,0
202120828,0,0,0,0,0,0
202120827,0,0,0,0,0,0
202120850,0,0,0,0,0,0
202119738,0,0,0,0,0,0
202121122,0,0,0,0,0,0
202121130,0,0,0,0,0,0
202119213,0,0,0,0,0,0
202120829,0,0,0,0,0,0
202121131,0,0,0,0,0,0
202121134,0,0,0,0,0,0
202120339,0,0,0,0,0,0
202121137,0,0,0,0,0,0
202121136,0,0,0,0,0,0
202121135,0,0,0,0,0,0
202120851,0,0,0,0,0,0
202121138,0,0,0,0,0,0
202121132,0,0,0,0,0,0
202121141,0,0,0,0,0,0
202121142,0,0,0,0,0,0
202121139,0,0,0,0,0,0
202121144,0,0,0,0,0,0
202121140,0,0,0,0,0,0
202121146,0,0,0,0,0,0
202121147,0,0,0,0,0,0
202121149,0,0,0,0,0,0
202121133,0,0,0,0,0,0
202121143,0,0,0,0,0,0
202121590,0,0,0,0,0,0
202121575,0,0,0,0,0,0
202121621,0,0,0,0,0,0
202121623,0,0,0,0,0,0
202121589,0,0,0,0,0,0
202121624,0,0,0,0,0,0
202121145,0,0,0,0,0,0
202121622,0,0,0,0,0,0
202121629,0,0,0,0,0,0
202121628,0,0,0,0,0,0
202121625,0,0,0,0,0,0
202121627,0,0,0,0,0,0
202121633,0,0,0,0,0,0
202121630,0,0,0,0,0,0
202121631,0,0,0,0,0,0
202121632,0,0,0,0,0,0
202121148,0,0,0,0,0,0
202121634,0,0,0,0,0,0
202121688,0,0,0,0,0,0
202121626,0,0,0,0,0,0
202121636,0,0,0,0,0,0
202121635,0,0,0,0,0,0
202121699,0,0,0,0,0,0
202121690,0,0,0,0,0,0
202121691,0,0,0,0,0,0
202121757,0,0,0,0,0,0
202121719,0,0,0,0,0,0
202122428,0,0,0,0,0,0
202121759,0,0,0,0,0,0
202122471,0,0,0,0,0,0
202122472,0,0,0,0,0,0
202121637,0,0,0,0,0,0
202122890,0,0,0,0,0,0
202123352,0,0,0,0,0,0
202123534,0,0,0,0,0,0
202123533,0,0,0,0,0,0
202123353,0,0,0,0,0,0
202121758,0,0,0,0,0,0
202123663,0,0,0,0,0,0
202123758,0,0,0,0,0,0
202121698,0,0,0,0,0,0
202123907,0,0,0,0,0,0
202123664,0,0,0,0,0,0
202123915,0,0,0,0,0,0
202123917,0,0,0,0,0,0
202123908,0,0,0,0,0,0
202123926,0,0,0,0,0,0
202123936,0,0,0,0,0,0
202123932,0,0,0,0,0,0
202123931,0,0,0,0,0,0
202123939,0,0,0,0,0,0
202123757,0,0,0,0,0,0
202124082,0,0,0,0,0,0
202123924,0,0,0,0,0,0
202124103,0,0,0,0,0,0
202124212,0,0,0,0,0,0
202123941,0,0,0,0,0,0
202125735,0,0,0,0,0,0
202124211,0,0,0,0,0,0
202124104,0,0,0,0,0,0
202124978,0,0,0,0,0,0
202125748,0,0,0,0,0,0
202124815,0,0,0,0,0,0
202125751,0,0,0,0,0,0
202125752,0,0,0,0,0,0
202125749,0,0,0,0,0,0
202126392,0,0,0,0,0,0
202125909,0,0,0,0,0,0
202126425,0,0,0,0,0,0
202126042,0,0,0,0,0,0
202125747,0,0,0,0,0,0
202125746,0,0,0,0,0,0
202126449,0,0,0,0,0,0
202126450,0,0,0,0,0,0
202126452,0,0,0,0,0,0
202126451,0,0,0,0,0,0
202126455,0,0,0,0,0,0
202126453,0,0,0,0,0,0
202124213,0,0,0,0,0,0
202126457,0,0,0,0,0,0
202126419,0,0,1,0,1,1
202126456,0,0,0,0,0,0
202126458,0,0,0,0,0,0
202126460,0,0,0,0,0,0
202126461,0,0,0,0,0,0
202126462,0,0,0,0,0,0
202126448,0,0,0,0,0,0
202126493,0,0,0,0,0,0
202126454,0,0,0,0,0,0
202126459,0,0,0,0,0,0
202126528,0,0,0,0,0,0
202126463,0,0,0,0,0,0
202126492,0,0,0,0,0,0
202126540,0,0,0,0,0,0
202126507,0,0,0,0,0,0
202126535,0,0,0,0,0,0
202126510,0,0,0,0,0,0
202126638,0,0,0,0,0,0
202126639,0,0,0,0,0,0
202126543,0,0,0,0,0,0
202126657,0,0,0,0,0,0
202126658,0,0,0,0,0,0
202126534,0,0,0,0,0,0
202126660,0,0,0,0,0,0
202126661,0,0,0,0,0,0
202126659,0,0,0,0,0,0
202126665,0,0,0,0,0,0
202126751,0,0,0,0,0,0
202126750,0,0,0,0,0,0
202126766,0,0,0,0,0,0
202126767,0,0,0,0,0,0
202126542,0,0,0,0,0,0
202127437,0,0,0,0,0,0
202127608,0,0,0,0,0,0
202127609,0,0,0,0,0,0
202127607,0,0,0,0,0,0
202127461,0,0,0,0,0,0
202127462,0,0,0,0,0,0
202127612,0,0,0,0,0,0
202127610,0,0,0,0,0,0
202127614,0,0,0,0,0,0
202126541,0,0,0,0,0,0
202127613,0,0,0,0,0,0
202127615,0,0,0,0,0,0
202127617,0,0,0,0,0,0
202127611,0,0,0,0,0,0
202127621,0,0,0,0,0,0
202127622,0,0,0,0,0,0
202127623,0,0,0,0,0,0
202127619,0,0,0,0,0,0
202127624,0,0,0,0,0,0
202127620,0,0,0,0,0,0
202127625,0,0,0,0,0,0
202127628,0,0,0,0,0,0
202127626,0,0,0,0,0,0
202127616,0,0,0,0,0,0
202127630,0,0,0,0,0,0
202127631,0,0,0,0,0,0
202127618,0,0,0,0,0,0
202127633,0,0,0,0,0,0
202127629,0,0,0,0,0,0
202127627,0,0,0,0,0,0
202127635,0,0,0,0,0,0
202127632,0,0,0,0,0,0
202127638,0,0,0,0,0,0
202127636,0,0,0,0,0,0
202127637,0,0,0,0,0,0
202127639,0,0,0,0,0,0
202127643,0,0,0,0,0,0
202127642,0,0,0,0,0,0
202127641,0,0,0,0,0,0
202127634,0,0,0,0,0,0
202127640,0,0,0,0,0,0
202127648,0,0,0,0,0,0
202127645,0,0,0,0,0,0
202127644,0,0,0,0,0,0
202127646,0,0,0,0,0,0
202127651,0,0,0,0,0,0
202127647,0,0,0,0,0,0
202127653,0,0,0,0,0,0
202127652,0,0,0,0,0,0
202127650,0,0,0,0,0,0
202127654,0,0,0,0,0,0
202127659,0,0,0,0,0,0
202127660,0,0,0,0,0,0
202127661,0,0,0,0,0,0
202127657,0,0,0,0,0,0
202127656,0,0,0,0,0,0
202127649,0,0,0,0,0,0
202127664,0,0,0,0,0,0
202127662,0,0,0,0,0,0
202127658,0,0,0,0,0,0
202127666,0,0,0,0,0,0
202127669,0,0,0,0,0,0
202127655,0,0,0,0,0,0
202127667,0,0,0,0,0,0
202127668,0,0,0,0,0,0
202127663,0,0,0,0,0,0
202127672,0,0,0,0,0,0
202127665,0,0,0,0,0,0
202127673,0,0,0,0,0,0
202127677,0,0,0,0,0,0
202127676,0,0,0,0,0,0
202127679,0,0,0,0,0,0
202127678,0,0,0,0,0,0
202127675,0,0,0,0,0,0
202127681,0,0,0,0,0,0
202127671,0,0,0,0,0,0
202127674,0,0,0,0,0,0
202127685,0,0,0,0,0,0
202127684,0,0,0,0,0,0
202127682,0,0,0,0,0,0
202127683,0,0,0,0,0,0
202127686,0,0,0,0,0,0
202127687,0,0,0,0,0,0
202127670,0,0,0,0,0,0
202127688,0,0,0,0,0,0
202127692,0,0,0,0,0,0
202127691,0,0,0,0,0,0
202127695,0,0,0,0,0,0
202127690,0,0,0,0,0,0
202127693,0,0,0,0,0,0
202127689,0,0,0,0,0,0
202127697,0,0,0,0,0,0
202127680,0,0,0,0,0,0
202127699,0,0,0,0,0,0
202127696,0,0,0,0,0,0
202127698,0,0,0,0,0,0
202127703,0,0,0,0,0,0
202127705,0,0,0,0,0,0
202127701,0,0,0,0,0,0
202127706,0,0,0,0,0,0
202127694,0,0,0,0,0,0
202127704,0,0,0,0,0,0
202127702,0,0,0,0,0,0
202127707,0,0,0,0,0,0
202127711,0,0,0,0,0,0
202127713,0,0,0,0,0,0
202127709,0,0,0,0,0,0
202127708,0,0,0,0,0,0
202127714,0,0,0,0,0,0
202127712,0,0,0,0,0,0
202127715,0,0,0,0,0,0
202127717,0,0,0,0,0,0
202127700,0,0,0,0,0,0
202127720,0,0,0,0,0,0
202127722,0,0,0,0,0,0
202127719,0,0,0,0,0,0
202127724,0,0,0,0,0,0
202127723,0,0,0,0,0,0
202127726,0,0,0,0,0,0
202127710,0,0,0,0,0,0
202127716,0,0,0,0,0,0
202127721,0,0,0,0,0,0
202127730,0,0,0,0,0,0
202127729,0,0,0,0,0,0
202127725,0,0,0,0,0,0
202127733,0,0,0,0,0,0
202127734,0,0,0,0,0,0
202127732,0,0,0,0,0,0
202127718,0,0,0,0,0,0
202127736,0,0,0,0,0,0
202127738,0,0,0,0,0,0
202127740,0,0,0,0,0,0
202127735,0,0,0,0,0,0
202127728,0,0,0,0,0,0
202127739,0,0,0,0,0,0
202127737,0,0,0,0,0,0
202127743,0,0,0,0,0,0
202127741,0,0,0,0,0,0
202127744,0,0,0,0,0,0
202127746,0,0,0,0,0,0
202127742,0,0,0,0,0,0
202127727,0,0,0,0,0,0
202127745,0,0,0,0,0,0
202127731,0,0,0,0,0,0
202127747,0,0,0,0,0,0
202127753,0,0,0,0,0,0
202127750,0,0,0,0,0,0
202127754,0,0,0,0,0,0
202127755,0,0,0,0,0,0
202127756,0,0,0,0,0,0
202127748,0,0,0,0,0,0
202127759,0,0,0,0,0,0
202127751,0,0,0,0,0,0
202127752,0,0,0,0,0,0
202127760,0,0,0,0,0,0
202127761,0,0,0,0,0,0
202127757,0,0,0,0,0,0
202127763,0,0,0,0,0,0
202127765,0,0,0,0,0,0
202127766,0,0,0,0,0,0
202127758,0,0,0,0,0,0
202127749,0,0,0,0,0,0
202127768,0,0,0,0,0,0
202127767,0,0,0,0,0,0
202127772,0,0,0,0,0,0
202127771,0,0,0,0,0,0
202127762,0,0,0,0,0,0
202127830,0,0,0,0,0,0
202127770,0,0,0,0,0,0
202127831,0,0,0,0,0,0
202127764,0,0,0,0,0,0
202127769,0,0,0,0,0,0
202127849,0,0,0,0,0,0
202127847,0,0,0,0,0,0
202127792,0,0,0,0,0,0
202127851,0,0,0,0,0,0
202127829,0,0,0,0,0,0
202127860,0,0,0,0,0,0
202127853,0,0,0,0,0,0
202127876,0,0,0,0,0,0
202127850,0,0,0,0,0,0
202127852,0,0,0,0,0,0
202127882,0,0,0,0,0,0
202127874,0,0,0,0,0,0
202127875,0,0,0,0,0,0
202127880,0,0,0,0,0,0
202127885,0,0,0,0,0,0
202127859,0,0,0,0,0,0
202127881,0,0,0,0,0,0
202127883,0,0,0,0,0,0
202127892,0,0,0,0,0,0
202127894,0,0,0,0,0,0
202127884,0,0,0,0,0,0
202127900,0,0,0,0,0,0
202127887,0,0,0,0,0,0
202127889,0,0,0,0,0,0
202127893,0,0,0,0,0,0
202127902,0,0,0,0,0,0
202127901,0,0,0,0,0,0
202127903,0,0,0,0,0,0
202127907,0,0,0,0,0,0
202127906,0,0,0,0,0,0
202127895,0,0,0,0,0,0
202127909,0,0,0,0,0,0
202127896,0,0,0,0,0,0
202127905,0,0,0,0,0,0
202127904,0,0,0,0,0,0
202127908,0,0,0,0,0,0
202127914,0,0,0,0,0,0
202127912,0,0,0,0,0,0
202127911,0,0,0,0,0,0
202127916,0,0,0,0,0,0
202127910,0,0,0,0,0,0
202127913,0,0,0,0,0,0
202127940,0,0,0,0,0,0
202127941,0,0,0,0,0,0
202127957,0,0,0,0,0,0
202127915,0,0,0,0,0,0
202127919,0,0,0,0,0,0
202127920,0,0,0,0,0,0
202127918,0,0,0,0,0,0
202128032,0,0,0,0,0,0
202128034,0,0,0,0,0,0
202128030,0,0,0,0,0,0
202128025,0,0,0,0,0,0
202128039,0,0,0,0,0,0
202127917,0,0,0,0,0,0
202128063,0,0,0,0,0,0
202128033,0,0,0,0,0,0
202128043,0,0,0,0,0,0
202128073,0,0,0,0,0,0
202128093,0,0,0,0,0,0
202128064,0,0,0,0,0,0
202128095,0,0,0,0,0,0
202128042,0,0,0,0,0,0
202128098,0,0,0,0,0,0
202128096,0,0,0,0,0,0
202128102,0,0,0,0,0,0
202128099,0,0,0,0,0,0
202128094,0,0,0,0,0,0
202128103,0,0,0,0,0,0
202128058,0,0,0,0,0,0
202128101,0,0,0,0,0,0
202128115,0,0,0,0,0,0
202128107,0,0,0,0,0,0
202128116,0,0,0,0,0,0
202128120,0,0,0,0,0,0
202128145,0,0,0,0,0,0
202128146,0,0,0,0,0,0
202128059,0,0,0,0,0,0
202128147,0,0,0,0,0,0
202128105,0,0,0,0,0,0
202128149,0,0,0,0,0,0
202128119,0,0,0,0,0,0
202128144,0,0,0,0,0,0
202128148,0,0,0,0,0,0
202128114,0,0,0,0,0,0
202128163,0,0,0,0,0,0
202128161,0,0,0,0,0,0
202128172,0,0,0,0,0,0
202128171,0,0,0,0,0,0
202128174,0,0,0,0,0,0
202128164,0,0,0,0,0,0
202128175,0,0,0,0,0,0
202128170,0,0,0,0,0,0
202128169,0,0,0,0,0,0
202128384,0,0,0,0,0,0
202128177,0,0,0,0,0,0
202128386,0,0,0,0,0,0
202128396,0,0,0,0,0,0
202128173,0,0,0,0,0,0
202128404,0,0,0,0,0,0
202128392,0,0,0,0,0,0
202128400,0,0,0,0,0,0
202128455,0,0,0,0,0,0
202128176,0,0,0,0,0,0
202128454,0,0,0,0,0,0
202128458,0,0,0,0,0,0
202128457,0,0,0,0,0,0
202128162,0,0,0,0,0,0
202128456,0,0,0,0,0,0
202128453,0,0,0,0,0,0
202128463,0,0,0,0,0,0
202128460,0,0,0,0,0,0
202128472,0,0,0,0,0,0
202128474,0,0,0,0,0,0
202128461,0,0,0,0,0,0
202128462,0,0,0,0,0,0
202128475,0,0,0,0,0,0
202128473,0,0,0,0,0,0
202128464,0,0,0,0,0,0
202128459,0,0,0,0,0,0
202128477,0,0,0,0,0,0
202128480,0,0,0,0,0,0
202128478,0,0,0,0,0,0
202128476,0,0,0,0,0,0
202128483,0,0,0,0,0,0
202128481,0,0,0,0,0,0
202128479,0,0,0,0,0,0
202128465,0,0,0,0,0,0
202128482,0,0,0,0,0,0
202128486,0,0,0,0,0,0
202128500,0,0,0,0,0,0
202128499,0,0,0,0,0,0
202128501,0,0,0,0,0,0
202128504,0,0,0,0,0,0
202128503,0,0,0,0,0,0
202128487,0,0,0,0,0,0
202128531,0,0,0,0,0,0
202128532,0,0,0,0,0,0
202128854,0,0,0,0,0,0
202128505,0,0,0,0,0,0
202128507,0,0,0,0,0,0
202128530,0,0,0,0,0,0
202128502,0,0,0,0,0,0
202128931,0,0,0,0,0,0
202128506,0,0,0,0,0,0
202128941,0,0,0,0,0,0
202128935,0,0,0,0,0,0
202128899,0,0,0,0,0,0
202128947,0,0,0,0,0,0
202128939,0,0,0,0,0,0
202128943,0,0,0,0,0,0
202128951,0,0,0,0,0,0
202128953,0,0,0,0,0,0
202128945,0,0,0,0,0,0
202128901,0,0,0,0,0,0
202128955,0,0,0,0,0,0
202128949,0,0,0,0,0,0
202128959,0,0,0,0,0,0
202128960,0,0,0,0,0,0
202128957,0,0,0,0,0,0
202128956,0,0,0,0,0,0
202128963,0,0,0,0,0,0
202128937,0,0,0,0,0,0
202128962,0,0,0,0,0,0
202128961,0,0,0,0,0,0
202129040,0,0,0,0,0,0
202128965,0,0,0,0,0,0
202129042,0,0,0,0,0,0
202128964,0,0,0,0,0,0
202129626,0,0,0,0,0,0
202129616,0,0,0,0,0,0
202128958,0,0,0,0,0,0
202129628,0,0,0,0,0,0
202129631,0,0,0,0,0,0
202129624,0,0,0,0,0,0
202129622,0,0,0,0,0,0
202129637,0,0,0,0,0,0
202129633,0,0,0,0,0,0
202129635,0,0,0,0,0,0
202130334,0,0,0,0,0,0
202130338,0,0,0,0,0,0
202130293,0,0,0,0,1,1
202130294,0,0,0,0,0,0
202130177,0,0,0,0,0,0
202130357,0,0,0,0,0,0
202130350,0,0,0,0,0,0
202130360,0,0,0,0,0,0
202130359,0,0,0,0,0,0
202130349,0,0,0,0,0,0
202130361,0,0,0,0,0,0
202130362,0,0,0,0,0,0
202130358,0,0,0,0,0,0
202130364,0,0,0,0,0,0
202130332,0,0,1,0,1,1
202130363,0,0,0,0,0,0
202130535,0,0,0,0,0,0
202130537,0,0,0,0,0,0
202130536,0,0,0,0,0,0
202130591,0,0,0,0,0,0
202130896,0,0,0,0,0,0
202130751,0,0,0,0,0,0
202130592,0,0,0,0,0,0
202130511,0,0,0,0,0,0
202130353,0,0,0,0,0,0
202130936,0,0,0,0,0,0
202130940,0,0,0,0,0,0
202130935,0,0,0,0,0,0
202130938,0,0,0,0,0,0
202130939,0,0,0,0,0,0
202130563,0,0,0,0,0,0
202130942,0,0,0,0,0,0
202130937,0,0,0,0,0,0
202130941,0,0,0,0,0,0
202131043,0,0,0,0,0,0
202131044,0,0,0,0,0,0
202131041,0,0,0,0,0,0
202131061,0,0,0,0,0,0
202131167,0,0,0,0,0,0
202131169,0,0,0,0,0,0
202131058,0,0,0,0,0,0
202131039,0,0,0,0,0,0
202131037,0,0,0,0,0,0
202131168,0,0,0,0,0,0
202131042,0,0,0,0,0,0
202131253,0,0,0,0,0,0
202131256,0,0,0,0,0,0
202131170,0,0,0,0,0,0
202131254,0,0,0,0,0,0
202131262,0,0,0,0,0,0
202131060,0,0,0,0,0,0
202131266,0,0,0,0,0,0
202131257,0,0,0,0,0,0
202131263,0,0,0,0,0,0
202131287,0,0,0,0,0,0
202131264,0,0,0,0,0,0
202131290,0,0,0,0,0,0
202131379,0,0,0,0,0,0
202131255,0,0,0,0,0,0
202131289,0,0,0,0,0,0
202131380,0,0,0,0,0,0
202131625,0,0,0,0,0,0
202131658,0,0,0,0,0,0
202131529,0,0,0,0,0,0
202131265,0,0,0,0,0,0
202131378,0,0,0,0,0,0
202131659,0,0,0,0,0,0
202131267,0,0,0,0,0,0
202131687,0,0,0,0,0,0
202131689,0,0,0,0,0,0
202131699,0,0,0,0,0,0
202131660,0,0,0,0,0,0
202131698,0,0,0,0,0,0
202131700,0,0,0,0,0,0
202131702,0,0,0,0,0,0
202131704,0,0,0,0,0,0
202131661,0,0,0,0,0,0
202131703,0,0,0,0,0,0
202131706,0,0,0,0,0,0
202131626,0,0,0,0,0,0
202131709,0,0,0,0,0,0
202131707,0,0,0,0,0,0
202131701,0,0,0,0,0,0
202131708,0,0,0,0,0,0
202131769,0,0,0,0,0,0
202131928,0,0,0,0,0,0
202131781,0,0,0,0,0,0
202131930,0,0,0,0,0,0
202131936,0,0,0,0,0,0
202131929,0,0,0,0,0,0
202131938,0,0,0,0,0,0
202131927,0,0,0,0,0,0
202131939,0,0,0,0,0,0
202131941,0,0,0,0,0,0
202131937,0,0,0,0,0,0
202132134,0,0,0,0,0,0
202131705,0,0,0,0,0,0
202131958,0,0,0,0,0,0
202131940,0,0,0,0,0,0
202132081,0,0,0,0,0,0
202132424,0,0,0,0,0,0
202132367,0,0,0,0,0,0
202132417,0,0,0,0,0,0
202131768,0,0,0,0,0,0
